1,ジャッキーチェン日本語吹き替えVer.石丸博也,じゃっきーちぇーんのにほんごふきかえばーじょんのいしまるひろやのこえ,190,255,2019-11-25 05:05:47,2019-11-25 05:05:47,1
2,奇面組の冷越豪,きめんぐみのれいえつごうのかお,255,279,2019-11-25 05:05:47,2019-11-25 05:05:47,1
3,糞おもんない次世代マシンセガサターンを顔で表現,くそおもんないじせだいましんせがさたーんをかおでひょうげん,279,311,2019-11-25 05:05:47,2019-11-25 05:05:47,1
4,バービーボーイズ√5のアルバムのコンタの立ち方,ばーびーぼーいずるーと5のあるばむのこんたのたちかた,311,334,2019-11-25 05:05:47,2019-11-25 05:05:47,1
5,バービーボーイズ√5のアルバムのいまさの顔,ばーびーぼーいずるーと5のあるばむのいまさのかお,334,400,2019-11-25 05:05:47,2019-11-25 05:05:47,1
6,Uインターのヤマケン,ゆーいんたーのやまけん,400,183,2019-11-25 05:05:47,2019-11-25 05:05:47,1
7,ザ・グレート・カブキの渾身のアピール,ざぐれーとかぶきのこんしんのあぴーる,483,526,2019-11-25 05:05:47,2019-11-25 05:05:47,1
8,ザ・グレート・カブキのラリアットの時の声,ざぐれーとかぶきのらりあっとのときのこえ,526,544,2019-11-25 05:05:47,2019-11-25 05:05:47,1
9,Mrポーゴの有刺鉄線バットが当たった時のリアクション,みすたーぽーごのゆうしてっせんばっとがあたったときのりあくしょん,0,40,2019-11-25 05:05:47,2019-11-25 05:05:47,2
10,生でダラダラいかせての福沢朗,なまでだらだらいかせてのふくざわあきら,40,58,2019-11-25 05:05:47,2019-11-25 05:05:47,2
11,寝起き時のアントニオ猪木(目が三角形Ver.),ねおきじのあんとにおいのき(めがさんかくけいばーじょん),58,109,2019-11-25 05:05:47,2019-11-25 05:05:47,2
12,自宅のチャラ,じたくのちゃら,109,124,2019-11-25 05:05:47,2019-11-25 05:05:47,2
13,BIOHAZARDのタイトル面の声,BIOHAZARDのたいとるめんのこえ,124,148,2019-11-25 05:05:47,2019-11-25 05:05:47,2
14,BIOHAZARD4の狂った村人,BIOHAZARD4のくるったむらびと,148,192,2019-11-25 05:05:47,2019-11-25 05:05:47,2
15,ストリートファイターⅡのケンの死ぬとこ,すとりーとふぁいたー2のけんのしぬとこ,192,229,2019-11-25 05:05:47,2019-11-25 05:05:47,2
16,ファミコン スパルタンＸの死ぬとこ,ふぁみこんすぱるたんえっくすのしぬとこ,229,266,2019-11-25 05:05:47,2019-11-25 05:05:47,2
17,ファミコン 忍者ハットリ君の死ぬとこ,ふぁみこんにんじゃはっとりくんのしぬとこ,266,311,2019-11-25 05:05:47,2019-11-25 05:05:47,2
18,ファミコン 魔界村の死ぬとこ,ふぁみこんまかいむらのしぬとこ,311,340,2019-11-25 05:05:47,2019-11-25 05:05:47,2
19,ファミコン がんばれゴエモンの敵キャラ「御用だ!!」の死ぬとこ,ふぁみこんがんばれごえもんのてききゃら「ごようだ!!」のしぬとこ,340,371,2019-11-25 05:05:47,2019-11-25 05:05:47,2
20,ファミコン ファミスタのフライからのアウト,ふぁみこんふぁみすたのふらいからのあうと,371,384,2019-11-25 05:05:47,2019-11-25 05:05:47,2
21,ブラザー・コーンのマイクの持ち方,ぶらざーこーんのまいくのもちかた,384,403,2019-11-25 05:05:47,2019-11-25 05:05:47,2
22,松尾伴内のやる武田鉄也,まつおばんないのやるたけだてつや,403,417,2019-11-25 05:05:47,2019-11-25 05:05:47,2
23,古畑任三郎のコーヒー飲むとこ,ふるはたにんざぶろうのこーひーのむとこ,417,431,2019-11-25 05:05:47,2019-11-25 05:05:47,2
24,K1正道会館のセコンドの掛け声,けーわんせいどうかいかんのせこんどのかけごえ,431,473,2019-11-25 05:05:47,2019-11-25 05:05:47,2
25,JOJO第三部のDIOの初登場のシーン,じょじょだいさんぶのでぃおのはつとうじょうのしーん,473,521,2019-11-25 05:05:47,2019-11-25 05:05:47,2
26,ライガーボム,らいがーぼむ,521,540,2019-11-25 05:05:47,2019-11-25 05:05:47,2
27,アニメキン肉マンのＣＭにいくブリッジ,あにめきんにくまんのしーえむにいくぶりっじ,0,13,2019-11-25 05:05:47,2019-11-25 05:05:47,3
28,兜こうじが初めてマジンガーＺに乗ったが操縦ができなくてうまく走れない様,かぶとこうじがはじめてまじんがーぜっとにのったがそうじゅうができなくてうまくはしれないさま,13,49,2019-11-25 05:05:47,2019-11-25 05:05:47,3
29,アラレちゃんのぶた,あられちゃんのぶた,49,58,2019-11-25 05:05:47,2019-11-25 05:05:47,3
30,冬木弘道の楽屋でのアピール,ふゆきひろみちのがくやでのあぴーる,58,79,2019-11-25 05:05:47,2019-11-25 05:05:47,3
31,高田延彦の試合前テンション上げてるとこ,たかだのぶひこのしあいまえてんしょんあげてるとこ,79,97,2019-11-25 05:05:47,2019-11-25 05:05:47,3
32,佐々木健介の罵声,ささきけんすけのばせい,97,115,2019-11-25 05:05:47,2019-11-25 05:05:47,3
33,武藤敬司の札を上げるとこ,むとうけいじのふだをあげるとこ,115,138,2019-11-25 05:05:47,2019-11-25 05:05:47,3
34,WAR石川孝司の相撲がぬけきれないサソリ固め,うぉーいしかわこうつかさのすもうがぬけきれないさそりがため,138,171,2019-11-25 05:05:47,2019-11-25 05:05:47,3
35,業界人のあいさつの仕方,ぎょうかいじんのあいさつのしかた,171,185,2019-11-25 05:05:47,2019-11-25 05:05:47,3
36,欽ちゃんの仮装大賞の効果音,きんちゃんのかそうたいしょうのこうかおん,185,222,2019-11-25 05:05:47,2019-11-25 05:05:47,3
37,少林寺木人拳の和尚の死ぬとこ,しょうりんじもくじんけんのおしょうのしぬとこ,222,266,2019-11-25 05:05:47,2019-11-25 05:05:47,3
38,誇張しすぎたビートたけし,こちょうしすぎたびーとたけし,266,278,2019-11-25 05:05:47,2019-11-25 05:05:47,3
39,映画パルプフィクションのボス,えいがぱるぷふぃくしょんのぼす,278,289,2019-11-25 05:05:47,2019-11-25 05:05:47,3
40,Ｆ１レーサー鈴木あくりのリタイアのいいわけ,えふわんれーさーすずきあくりのりたいあのいいわけ,289,304,2019-11-25 05:05:47,2019-11-25 05:05:47,3
41,初代タイガーマスク佐山聡の覆面をつけてこなかった時の言い訳,しょだいたいがーますくさやまさとしのふくめんをつけてこなかったときのいいわけ,304,372,2019-11-25 05:05:47,2019-11-25 05:05:47,3
42,忍者ハットリ君のへそくりを出すところ,にんじゃはっとりくんのへそくりをだすところ,372,408,2019-11-25 05:05:47,2019-11-25 05:05:47,3
43,武田鉄也の思えば遠くにきたもんだの時のジョギングシーンのアドリブ,たけだてつやのおもえばとおくにきたもんだのときのじょぎんぐしーんのあどりぶ,408,426,2019-11-25 05:05:47,2019-11-25 05:05:47,3
44,ぴー子のものまね審査員時のリアクション,ぴーこのものまねしんさいんじのりあくしょん,426,442,2019-11-25 05:05:47,2019-11-25 05:05:47,3
45,アニメサムライジャイアンツのカネヤン,あにめさむらいじゃいあんつのかねやん,442,461,2019-11-25 05:05:47,2019-11-25 05:05:47,3
46,映画酔拳のライバル道場おやじの出ばやし,えいがすいけんのらいばるみちばおやじのでばやし,461,500,2019-11-25 05:05:47,2019-11-25 05:05:47,3
47,当時の武田信玄,とうじのたけだしんげん,500,514,2019-11-25 05:05:47,2019-11-25 05:05:47,3
48,三沢光時のフェイスロック時の顔,みつさわみつときのふぇいすろっくじのかお,514,520,2019-11-25 05:05:47,2019-11-25 05:05:47,3
49,キャプテン青葉の監督,きゃぷてんあおばのかんとく,520,538,2019-11-25 05:05:47,2019-11-25 05:05:47,3
50,ガンダム黒い三連星のオルテガ,がんだむくろいさんれんせいのおるてが,538,570,2019-11-25 05:05:47,2019-11-25 05:05:47,3
51,赤いプルトニウム,あかいぷるとにうむ,130,183,2019-11-25 05:05:47,2019-11-25 05:05:47,4
52,砂漠の太陽のまね,さばくのたいようのまね,183,220,2019-11-25 05:05:47,2019-11-25 05:05:47,4
53,消臭力のＣＭ,しょうしゅうりきのしーえむ,220,243,2019-11-25 05:05:47,2019-11-25 05:05:47,4
54,くまだまさしの謝り方,くまだまさしのあやまりかた,243,281,2019-11-25 05:05:47,2019-11-25 05:05:47,4
55,オテンキの江波戸,おてんきのえばと,281,322,2019-11-25 05:05:48,2019-11-25 05:05:48,4
56,ＪＩＮの坂本龍馬,じんのさかもとりょうま,322,348,2019-11-25 05:05:48,2019-11-25 05:05:48,4
57,Mステのタモリのゲストと会話しているとき,えむすてのたもりのげすととかいわしているとき,348,397,2019-11-25 05:05:48,2019-11-25 05:05:48,4
58,スティーブ・オースティンにスタナーをやられふっとぶスコット・ホール,すてぃーぶおーすてぃんにすたなーをやられふっとぶすこっとほーる,397,422,2019-11-25 05:05:48,2019-11-25 05:05:48,4
59,スティーブ・オースティンにスタナーをやられふっとぶザ・ロック,すてぃーぶおーすてぃんにすたなーをやられふっとぶざろっく,422,437,2019-11-25 05:05:48,2019-11-25 05:05:48,4
60,ファミコン フロントラインの歩き方,ふぁみこんふろんとらいんのあるきかた,437,471,2019-11-25 05:05:48,2019-11-25 05:05:48,4
61,ジャック・バウアーの警戒した部屋の入り,じゃっくばうあーのけいかいしたへやのはいり,471,498,2019-11-25 05:05:48,2019-11-25 05:05:48,4
62,ジャック・バウアーのくやしがり方,じゃっくばうあーのくやしがりかた,498,508,2019-11-25 05:05:48,2019-11-25 05:05:48,4
63,あぶない刑事の走り方,あぶないけいじのはしりかた,508,543,2019-11-25 05:05:48,2019-11-25 05:05:48,4
64,あしたのジョーのマンモス西,あしたのじょーのまんもすにし,543,552,2019-11-25 05:05:48,2019-11-25 05:05:48,4
65,布袋寅奉,ほていともやす,552,568,2019-11-25 05:05:48,2019-11-25 05:05:48,4
66,BE-BOP加藤ヒロシのどけや!,BE-BOPかとうひろしのどけや!,6,28,2019-11-25 05:05:48,2019-11-25 05:05:48,5
67,BE-BOP仲間トオルのボンタン狩られた時,BE-BOPなかまとおるのぼんたんかられたとき,28,45,2019-11-25 05:05:48,2019-11-25 05:05:48,5
68,BE-BOP中学生リョウ,BE-BOPちゅうがくせいりょう,45,54,2019-11-25 05:05:48,2019-11-25 05:05:48,5
69,ストリートファイターⅡのベガの頭の上に立つ技,すとりーとふぁいたー2のべがのあたまのうえにたつわざ,54,87,2019-11-25 05:05:48,2019-11-25 05:05:48,5
70,WWERAWのリックフレアーの手もみ,WWEろうのりっくふれあーのてもみ,87,117,2019-11-25 05:05:48,2019-11-25 05:05:48,5
71,つけ麺店主のタオルの巻き方,つけめんてんしゅのたおるのまきかた,117,141,2019-11-25 05:05:48,2019-11-25 05:05:48,5
72,ジェット・リーのゆれ,じぇっとりーのゆれ,141,157,2019-11-25 05:05:48,2019-11-25 05:05:48,5
73,ピー子のイケメンが出てきた時,ぴーこのいけめんがでてきたとき,157,166,2019-11-25 05:05:48,2019-11-25 05:05:48,5
74,流星のサドルの間奏の時の久保田俊信,りゅうせいのさどるのかんそうのときのくぼたとしのぶ,166,189,2019-11-25 05:05:48,2019-11-25 05:05:48,5
75,もしも憂歌団がAMEMIYAの冷し中華を歌ったら…,もしもゆうかだんがあめみやのひやしちゅうかをうたったら…,189,201,2019-11-25 05:05:48,2019-11-25 05:05:48,5
76,かんじんな所で噛むディック東郷,かんじんなところでかむでぃっくとうごう,201,215,2019-11-25 05:05:48,2019-11-25 05:05:48,5
77,新幹線の車掌の切符拝見,しんかんせんのしゃしょうのきっぷはいけん,215,238,2019-11-25 05:05:48,2019-11-25 05:05:48,5
78,文珍師匠の威張りすぎの歩き方,ぶんちんししょうのいばりすぎのあるきかた,238,255,2019-11-25 05:05:48,2019-11-25 05:05:48,5
79,長時間立ちっぱなしの警備員,ちょうじかんたちっぱなしのけいびいん,255,267,2019-11-25 05:05:48,2019-11-25 05:05:48,5
80,ファミコン スーパーチャイニーズの死ぬとこ,ふぁみこんすーぱーちゃいにーずのしぬとこ,267,278,2019-11-25 05:05:48,2019-11-25 05:05:48,5
81,バードマン(パーマン)のコケ方,ばーどまん(ぱーまん)のこけかた,51,90,2019-11-25 05:05:48,2019-11-25 05:05:48,6
82,PSP起動音を顔で表現,ぴーえすぴーきどうおんをかおでひょうげん,90,118,2019-11-25 05:05:48,2019-11-25 05:05:48,6
83,アニマル浜口,あにまるはまぐち,118,153,2019-11-25 05:05:48,2019-11-25 05:05:48,6
84,佐々木健介の外人かぶれのださいインタビュー＆馳浩,ささきけんすけのがいじんかぶれのださいいんたびゅー＆はせひろし,153,227,2019-11-25 05:05:48,2019-11-25 05:05:48,6
85,ホラーっぽいこわい音,ほらーっぽいこわいおと,227,244,2019-11-25 05:05:48,2019-11-25 05:05:48,6
86,矢沢栄吉のサンバリンズナイ,やざわえいきちのさんばりんずない,244,268,2019-11-25 05:05:48,2019-11-25 05:05:48,6
87,マイク・タイソンのサントリーDRYのCM,まいくたいそんのさんとりーどらいのしーえむ,268,288,2019-11-25 05:05:48,2019-11-25 05:05:48,6
88,爆笑Booing(ローカル番組)に出演した時のカウス師匠,ばくしょうBooing(ろーかるばんぐみ)にしゅつえんしたときのかうすししょう,288,363,2019-11-25 05:05:48,2019-11-25 05:05:48,6
89,あしたのジョーの力石徹,あしたのじょーのりきいしとおる,363,418,2019-11-25 05:05:48,2019-11-25 05:05:48,6
90,ありがちな落語のでばやし,ありがちならくごのでばやし,418,431,2019-11-25 05:05:48,2019-11-25 05:05:48,6
91,川田利明のストレッチプラム,かわたとしあきのすとれっちぷらむ,431,457,2019-11-25 05:05:48,2019-11-25 05:05:48,6
92,ケミストリー川畑の音程とらないと歌えない感じ,けみすとりーかわばたのおんていとらないとうたえないかんじ,457,486,2019-11-25 05:05:48,2019-11-25 05:05:48,6
93,長州力,ちょうしゅうりき,486,516,2019-11-25 05:05:48,2019-11-25 05:05:48,6
94,エスパー魔美のテレポーテーション,えすぱーまみのてれぽーてーしょん,516,532,2019-11-25 05:05:48,2019-11-25 05:05:48,6
95,スタン・ハンセンの左腕攻められた時の痛がり方,すたんはんせんのひだりうでせめられたときのいたがりかた,532,552,2019-11-25 05:05:48,2019-11-25 05:05:48,6
96,スーパージャンピングライガーボム(テンションMAXVer.),すーぱーじゃんぴんぐらいがーぼむ(てんしょんまっくすばーじょん),6,37,2019-11-25 05:05:48,2019-11-25 05:05:48,7
97,ジャンボ鶴田の試合後のアピール,じゃんぼつるたのしあいごのあぴーる,37,66,2019-11-25 05:05:48,2019-11-25 05:05:48,7
98,BIOHAZARD5の司令官マジン,BIOHAZARD5のしれいかんまじん,66,110,2019-11-25 05:05:48,2019-11-25 05:05:48,7
99,ジャックバウアーの電話のとり方,じゃっくばうあーのでんわのとりかた,110,118,2019-11-25 05:05:48,2019-11-25 05:05:48,7
100,ザ・グレート・カブキの平成維新軍入りした時の記者会見,ざぐれーとかぶきのへいせいいしんぐんいりしたときのきしゃかいけん,118,148,2019-11-25 05:05:48,2019-11-25 05:05:48,7
101,メタルギア・ソリッド スネークの歩き方＆敵兵士＆ＡＩ兵器,めたるぎあそりっどすねーくのあるきかた＆てきへいし＆えーあいへいき,148,214,2019-11-25 05:05:48,2019-11-25 05:05:48,7
102,NOFEARのカメラマンに意地悪された時のアピール,NOFEARのかめらまんにいじわるされたときのあぴーる,214,240,2019-11-25 05:05:48,2019-11-25 05:05:48,7
103,劇場版アニメストリートファイターⅡケンの吹き替え羽賀研二のアドリブ,げきじょうばんあにめすとりーとふぁいたー2けんのふきかえはがけんじのあどりぶ,240,278,2019-11-25 05:05:48,2019-11-25 05:05:48,7
104,相棒の捜査一課 いたみ刑事,あいぼうのそうさいっかいたみけいじ,278,300,2019-11-25 05:05:48,2019-11-25 05:05:48,7
105,Mr.マリックの登場音,みすたーまりっくのとうじょうおん,300,316,2019-11-25 05:05:48,2019-11-25 05:05:48,7
106,髭男爵(雰囲気),ひげだんしゃく(ふんいき),316,333,2019-11-25 05:05:48,2019-11-25 05:05:48,7
107,不機嫌なトミーズ雅,ふきげんなとみーずまさ,333,358,2019-11-25 05:05:48,2019-11-25 05:05:48,7
108,？？？,？？？,358,368,2019-11-25 05:05:48,2019-11-25 05:05:48,7
109,やばい？のマネ　※モザイク,やばい？のまね,368,390,2019-11-25 05:05:48,2019-11-25 05:05:48,7
110,ファイヤープロレスの氷川光秀,ふぁいやーぷろれすのひかわみつひで,390,415,2019-11-25 05:05:48,2019-11-25 05:05:48,7
111,キンタロー。,きんたろー。,200,265,2019-11-25 05:05:48,2019-11-25 05:05:48,8
112,鹿賀丈史のスーパーオーバーリアクション,かがたけしのすーぱーおーばーりあくしょん,265,316,2019-11-25 05:05:48,2019-11-25 05:05:48,8
113,アンガールズ田中のまねをしてる芸人のまね,あんがーるずたなかのまねをしてるげいにんのまね,316,380,2019-11-25 05:05:48,2019-11-25 05:05:48,8
114,誇張しすぎた五木ひろし,こちょうしすぎたいつきひろし,380,468,2019-11-25 05:05:48,2019-11-25 05:05:48,8
115,半沢直樹,はんざわなおき,468,508,2019-11-25 05:05:48,2019-11-25 05:05:48,8
116,もしも美輪明宏がサイレンだったら,もしもみわあきひろがさいれんだったら,508,525,2019-11-25 05:05:48,2019-11-25 05:05:48,8
117,日本のPにこれウケるからライブで言ってみなよって言われそのまま鵜呑みにして言ってしまうハンリュウスター,にほんのぷろでゅーさーにこれうけるかららいぶでいってみなよっていわれそのままうのみにしていってしまうはんりゅうすたー,525,558,2019-11-25 05:05:48,2019-11-25 05:05:48,8
118,スーパーファミコンFMWのターザン後藤,すーぱーふぁみこんえふえむだぶりゅーのたーざんごとう,558,596,2019-11-25 05:05:48,2019-11-25 05:05:48,8
119,セコンドの北斗晶に負け惜しみを言うパワー・ウォーリアー,せこんどのほくとあきらにまけおしみをいうぱわーうぉーりあー,596,652,2019-11-25 05:05:48,2019-11-25 05:05:48,8
120,恥も外聞もなくオリラジのまねをあえてやる,はじもがいぶんもなくおりらじのまねをあえてやる,652,695,2019-11-25 05:05:48,2019-11-25 05:05:48,8
121,やりつくされた武田鉄矢のまねをあえてやる,やりつくされたたけだてつやのまねをあえてやる,695,738,2019-11-25 05:05:48,2019-11-25 05:05:48,8
122,何回も歌ってるか飽きたのか知らねえけど持ち歌アレンジしすぎな桑名正博,なんかいもうたってるかあきたのかしらねえけどもちうたあれんじしすぎなくわなまさひろ,8,50,2019-11-25 05:05:48,2019-11-25 05:05:48,9
123,何回も歌ってるか飽きたのか知らねえけど持ち歌アレンジしすぎなやしきたかじん,なんかいもうたってるかあきたのかしらねえけどもちうたあれんじしすぎなやしきたかじん,50,93,2019-11-25 05:05:48,2019-11-25 05:05:48,9
124,何回も歌ってるか飽きたのか知らねえけど持ち歌アレンジしすぎな欧陽菲菲,なんかいもうたってるかあきたのかしらねえけどもちうたあれんじしすぎなおーやんふぃーふぃー,93,127,2019-11-25 05:05:48,2019-11-25 05:05:48,9
125,出オチのインパクトだけにすべてをかけるダンディ坂野,でおちのいんぱくとだけにすべてをかけるだんでぃさかの,127,163,2019-11-25 05:05:48,2019-11-25 05:05:48,9
126,リングの魂に乱入したターザン山本,りんぐのたましいにらんにゅうしたたーざんやまもと,163,198,2019-11-25 05:05:48,2019-11-25 05:05:48,9
127,24ローガン大統領の首,24ろーがんだいとうりょうのくび,198,227,2019-11-25 05:05:48,2019-11-25 05:05:48,9
128,24パーマー大統領,24ぱーまーだいとうりょう,227,271,2019-11-25 05:05:48,2019-11-25 05:05:48,9
129,笑うたけしさん(最近),わらうたけしさん(さいきん),271,298,2019-11-25 05:05:48,2019-11-25 05:05:48,9
130,昔のペヤング ソースやきそばのCM,むかしのぺやんぐそーすやきそばのしーえむ,298,345,2019-11-25 05:05:48,2019-11-25 05:05:48,9
131,世界のヘイポー,せかいのへいぽー,345,363,2019-11-25 05:05:48,2019-11-25 05:05:48,9
132,夙川アトム,しゅくかわあとむ,363,409,2019-11-25 05:05:48,2019-11-25 05:05:48,9
133,PS3の起動音,ぴーえす3のきどうおん,409,447,2019-11-25 05:05:48,2019-11-25 05:05:48,9
134,圭修の高校野球高校紹介の漫才,けいしゅうのこうこうやきゅうこうこうしょうかいのまんざい,447,522,2019-11-25 05:05:48,2019-11-25 05:05:48,9
135,マイクアピールがバカ下手なエル・サムライ,まいくあぴーるがばかへたなえるさむらい,522,552,2019-11-25 05:05:48,2019-11-25 05:05:48,9
136,よく映画に出てくるてんぱった外人,よくえいがにでてくるてんぱったがいじん,552,568,2019-11-25 05:05:48,2019-11-25 05:05:48,9
137,誇張しすぎた北島三郎,こちょうしすぎたきたじまさぶろう,568,612,2019-11-25 05:05:48,2019-11-25 05:05:48,9
138,織田裕二の名シーン,おだゆうじのめいしーん,612,668,2019-11-25 05:05:48,2019-11-25 05:05:48,9
139,古畑にも相棒にも出てるが全くキャラがおんなじな津川雅彦,ふるはたにもあいぼうにもでてるがまったくきゃらがおんなじなつがわまさひこ,668,708,2019-11-25 05:05:48,2019-11-25 05:05:48,9
140,ひと昔前のジャイアント馬場のまねをあえてやる,ひとむかしまえのじゃいあんとばばのまねをあえてやる,708,740,2019-11-25 05:05:48,2019-11-25 05:05:48,9
141,モデルタレント 鈴木奈々のウザイ リアクション,もでるたれんとすずきななのうざいりあくしょん,35,53,2019-11-25 05:05:48,2019-11-25 05:05:48,10
142,カツゼツのいい越中詩郎,かつぜつのいいこしなかしろう,53,97,2019-11-25 05:05:48,2019-11-25 05:05:48,10
143,サンボ浅子の攻撃した時のやられた時のリアクション,さんぼあさこのこうげきしたときのやられたときのりあくしょん,97,140,2019-11-25 05:05:48,2019-11-25 05:05:48,10
144,BIO HAZARDのゾンビのまね,BIOHAぜっとARDのぞんびのまね,140,176,2019-11-25 05:05:48,2019-11-25 05:05:48,10
145,ビッグ・ショーのチョークスラム アピール,びっぐしょーのちょーくすらむあぴーる,176,215,2019-11-25 05:05:48,2019-11-25 05:05:48,10
146,ファミコン ビーバップ ハイスクールのMAP画面の歩き方,ふぁみこんびーばっぷはいすくーるのえむAPがめんのあるきかた,215,236,2019-11-25 05:05:48,2019-11-25 05:05:48,10
147,クイズ ミラクル9の くりーむしちゅー上田,くいずみらくる9のくりーむしちゅーうえだ,236,260,2019-11-25 05:05:48,2019-11-25 05:05:48,10
148,ファミコン 北斗の拳のザコの死ぬところ,ふぁみこんほくとのけんのざこのしぬところ,260,272,2019-11-25 05:05:48,2019-11-25 05:05:48,10
149,エヴァンゲリオン 碇 ゲンドウ,えヴぁんげりおんいかりげんどう,272,307,2019-11-25 05:05:48,2019-11-25 05:05:48,10
150,北斗の拳の悪い奴が出るテーマ曲,ほくとのけんのわるいやつがでるてーまきょく,307,358,2019-11-25 05:05:48,2019-11-25 05:05:48,10
151,やしろ優,やしろゆう,304,359,2019-11-25 05:05:48,2019-11-25 05:05:48,11
152,デヴィ夫人,でヴぃふじん,359,396,2019-11-25 05:05:48,2019-11-25 05:05:48,11
153,みかん,みかん,396,460,2019-11-25 05:05:48,2019-11-25 05:05:48,11
154,やりつくされた柴田恭平のまねをあえてやる,やりつくされたしばたきょうへいのまねをあえてやる,460,532,2019-11-25 05:05:48,2019-11-25 05:05:48,11
155,誇張しすぎた工藤静香,こちょうしすぎたくどうしずか,532,569,2019-11-25 05:05:48,2019-11-25 05:05:48,11
156,女子プロレスラーイーグル沢井,じょしぷろれすらーいーぐるさわい,569,625,2019-11-25 05:05:48,2019-11-25 05:05:48,11
157,やばいサラリーマン,やばいさらりーまん,625,657,2019-11-25 05:05:48,2019-11-25 05:05:48,11
158,恥も外聞もなくクロコーチのまねをあえてやる,はじもがいぶんもなくくろこーちのまねをあえてやる,657,710,2019-11-25 05:05:48,2019-11-25 05:05:48,11
159,小保方さん,おぼかたさん,710,738,2019-11-25 05:05:48,2019-11-25 05:05:48,11
160,北斗の拳ラオウの「あっちゃ～」,ほくとのけんらおうのあっちゃ～,738,767,2019-11-25 05:05:48,2019-11-25 05:05:48,11
161,ロビンマスクのキン肉マンの呼び方,ろびんますくのきんにくまんのよびかた,767,841,2019-11-25 05:05:48,2019-11-25 05:05:48,11
162,麻雀放浪記のマネをしているショウショウ(高品格),まーじゃんほうろうきのまねをしているしょうしょう(たかしなかく),841,901,2019-11-25 05:05:48,2019-11-25 05:05:48,11
163,チョップを耐える阿修羅 原,ちょっぷをたえるあしゅらはら,901,933,2019-11-25 05:05:48,2019-11-25 05:05:48,11
164,誇張しすぎた木村拓哉,こちょうしすぎたきむらたくや,933,987,2019-11-25 05:05:48,2019-11-25 05:05:48,11
165,パキパキの筋肉で気合いれすぎの西島秀俊,ぱきぱきのきんにくできあいいれすぎのにしじまひでとし,987,1028,2019-11-25 05:05:48,2019-11-25 05:05:48,11
166,ファミコン ゲゲゲの鬼太郎の死ぬところ,ふぁみこんげげげのきたろうのしぬところ,1028,1053,2019-11-25 05:05:48,2019-11-25 05:05:48,11
167,ファミコン ミシシッピー殺人事件の死ぬところ,ふぁみこんみししっぴーさつじんじけんのしぬところ,1053,1087,2019-11-25 05:05:48,2019-11-25 05:05:48,11
168,ファミコン ファミリーサーキットの爆発音,ふぁみこんふぁみりーさーきっとのばくはつおん,1087,1108,2019-11-25 05:05:48,2019-11-25 05:05:48,11
169,アントニオ猪木,あんとにおいのき,1108,1141,2019-11-25 05:05:48,2019-11-25 05:05:48,11
170,かむくらの店員,かむくらのてんいん,1141,1164,2019-11-25 05:05:48,2019-11-25 05:05:48,11
171,大阪のアナウンサー 梅田淳,おおさかのあなうんさーうめだじゅん,1164,1187,2019-11-25 05:05:48,2019-11-25 05:05:48,11
172,やりつくされた大和田常務のまねをあえてやる(土下座),やりつくされたおおわだじょうむのまねをあえてやる(どげざ),1187,1212,2019-11-25 05:05:48,2019-11-25 05:05:48,11
173,大和田常務のキレて電話切るところ,おおわだじょうむのきれてでんわきるところ,1212,1237,2019-11-25 05:05:48,2019-11-25 05:05:48,11
174,大和田常務のやれるもんならやってみる,おおわだじょうむのやれるもんならやってみる,1237,1258,2019-11-25 05:05:48,2019-11-25 05:05:48,11
175,ボコられる直前の橋本真也,ぼこられるちょくぜんのはしもとしんや,1258,1330,2019-11-25 05:05:48,2019-11-25 05:05:48,11
176,やりつくされた長渕剛のまねをあえてやる,やりつくされたながぶちつよしのまねをあえてやる,1330,1390,2019-11-25 05:05:48,2019-11-25 05:05:48,11
177,サンチェの投げ方,さんちぇのなげかた,1390,1438,2019-11-25 05:05:48,2019-11-25 05:05:48,11
178,ASKA,ASKA,1438,1465,2019-11-25 05:05:48,2019-11-25 05:05:48,11
179,？？？,？？？,1465,1478,2019-11-25 05:05:48,2019-11-25 05:05:48,11
180,とろサーモン久保田,とろさーもんくぼた,1478,1488,2019-11-25 05:05:48,2019-11-25 05:05:48,11
181,田上よしえ,たのうえよしえ,95,149,2019-11-25 05:05:48,2019-11-25 05:05:48,12
182,死んでるねと思ったけど生きててバカビビるせみのまね,しんでるねとおもったけどいきててばかびびるせみのまね,149,181,2019-11-25 05:05:48,2019-11-25 05:05:48,12
183,ビーバップハイスクール菊永の歩き方,びーばっぷはいすくーるきくながのあるきかた,181,206,2019-11-25 05:05:48,2019-11-25 05:05:48,12
184,もしも玉木ひろしがモーターだったら,もしもたまきひろしがもーたーだったら,206,234,2019-11-25 05:05:48,2019-11-25 05:05:48,12
185,所ジョージ,ところじょーじ,234,255,2019-11-25 05:05:48,2019-11-25 05:05:48,12
186,山下清,やましたきよし,255,273,2019-11-25 05:05:48,2019-11-25 05:05:48,12
187,ドラクエの敵,どらくえのてき,273,341,2019-11-25 05:05:48,2019-11-25 05:05:48,12
188,マネーの虎堀之内社長,まねーのとらほりのうちしゃちょう,341,392,2019-11-25 05:05:48,2019-11-25 05:05:48,12
189,男塾の卍丸,おとこじゅくのまんじまる,392,440,2019-11-25 05:05:48,2019-11-25 05:05:48,12
190,WWEショーン・マイケルズの入場シーン,WWEしょーんまいけるずのにゅうじょうしーん,440,508,2019-11-25 05:05:48,2019-11-25 05:05:48,12
191,WWEブロック・レズナーの入場シーン,WWEぶろっくれずなーのにゅうじょうしーん,508,551,2019-11-25 05:05:48,2019-11-25 05:05:48,12
192,WWEバティスタの入場シーン,WWEばてぃすたのにゅうじょうしーん,551,640,2019-11-25 05:05:48,2019-11-25 05:05:48,12
193,WWEポール・ヘイメンの言い方,WWEぽーるへいめんのいいかた,640,675,2019-11-25 05:05:48,2019-11-25 05:05:48,12
194,バーチャファイター2のアキラ,ばーちゃふぁいたー2のあきら,675,709,2019-11-25 05:05:48,2019-11-25 05:05:48,12
195,たけしさん,たけしさん,709,743,2019-11-25 05:05:48,2019-11-25 05:05:48,12
196,大阪愚連隊にマスク破られ激怒する獣神ライガー,おおさかぐれんたいにますくやぶられげきどするじゅうしんらいがー,743,787,2019-11-25 05:05:48,2019-11-25 05:05:48,12
197,家の近くにくる火の用心の人,いえのちかくにくるひのようじんのひと,787,839,2019-11-25 05:05:48,2019-11-25 05:05:48,12
198,WWEラ・レジスタンスのレネ・デュプリー,WWEられじすたんすのれねでゅぷりー,839,862,2019-11-25 05:05:48,2019-11-25 05:05:48,12
199,ストⅡエドモンド本多の百烈張り手,すと2えどもんどほんだのひゃくれつはりて,862,884,2019-11-25 05:05:48,2019-11-25 05:05:48,12
200,美川憲一,みかわけんいち,884,912,2019-11-25 05:05:48,2019-11-25 05:05:48,12
201,誇張しすぎた麒麟の川島,こちょうしすぎたきりんのかわしま,120,171,2019-11-25 05:05:48,2019-11-25 05:05:48,13
202,ヒロシ,ひろし,171,233,2019-11-25 05:05:48,2019-11-25 05:05:48,13
203,松村邦洋がやる最近のたけしさん,まつむらくにひろがやるさいきんのたけしさん,233,275,2019-11-25 05:05:48,2019-11-25 05:05:48,13
204,誇張しすぎた長嶋監督,こちょうしすぎたながしまかんとく,275,304,2019-11-25 05:05:48,2019-11-25 05:05:48,13
205,スパルタンＸの死ぬとこ,すぱるたんえっくすのしぬとこ,304,343,2019-11-25 05:05:48,2019-11-25 05:05:48,13
206,ファミコン 魔界村の死ぬとこ,ふぁみこんまかいむらのしぬとこ,343,370,2019-11-25 05:05:48,2019-11-25 05:05:48,13
207,やばいサラリーマン,やばいさらりーまん,370,384,2019-11-25 05:05:48,2019-11-25 05:05:48,13
208,小保方さん,おぼかたさん,384,410,2019-11-25 05:05:48,2019-11-25 05:05:48,13
209,ASKA,ASKA,410,425,2019-11-25 05:05:48,2019-11-25 05:05:48,13
210,川平慈英,かわひらじえい,170,219,2019-11-25 05:05:48,2019-11-25 05:05:48,14
211,やりつくされた近藤真彦のまねをあえてやる,やりつくされたこんどうまさひこのまねをあえてやる,219,255,2019-11-25 05:05:48,2019-11-25 05:05:48,14
212,恥も外聞もなく8.6秒バズーカのまねをあえてやる,はじもがいぶんもなく8.6びょうばずーかのまねをあえてやる,255,296,2019-11-25 05:05:48,2019-11-25 05:05:48,14
213,やりつくされた千昌夫のまねをあえてやる,やりつくされたせんまさおのまねをあえてやる,296,354,2019-11-25 05:05:48,2019-11-25 05:05:48,14
214,DAPUMPの合いの手,DAPUMPのあいのて,354,381,2019-11-25 05:05:48,2019-11-25 05:05:48,14
215,九官鳥がむりやりおぼえさせられた桃太郎,きゅうかんちょうがむりやりおぼえさせられたももたろう,381,423,2019-11-25 05:05:48,2019-11-25 05:05:48,14
216,まんが日本昔ばなし,まんがにほんむかしばなし,423,462,2019-11-25 05:05:48,2019-11-25 05:05:48,14
217,誇張しすぎた木村拓哉,こちょうしすぎたきむらたくや,462,485,2019-11-25 05:05:48,2019-11-25 05:05:48,14
218,今でしょのスーパー誇張,いまでしょのすーぱーこちょう,485,513,2019-11-25 05:05:48,2019-11-25 05:05:48,14
219,誇張しすぎたジャパネットたかた,こちょうしすぎたじゃぱねっとたかた,513,556,2019-11-25 05:05:48,2019-11-25 05:05:48,14
220,誇張しすぎた麒麟の川島,こちょうしすぎたきりんのかわしま,43,112,2019-11-25 05:05:48,2019-11-25 05:05:48,15
221,誇張なしのバイキング西村,こちょうなしのばいきんぐにしむら,112,157,2019-11-25 05:05:48,2019-11-25 05:05:48,15
222,誇張しすぎたですよ。,こちょうしすぎたですよ。,157,221,2019-11-25 05:05:48,2019-11-25 05:05:48,15
223,誇張しすぎた高田延彦,こちょうしすぎたたかだのぶひこ,221,268,2019-11-25 05:05:48,2019-11-25 05:05:48,15
224,誇張しすぎた豊田議員,こちょうしすぎたとよだぎいん,268,315,2019-11-25 05:05:48,2019-11-25 05:05:48,15
225,誇張しすぎた松居一代,こちょうしすぎたまついかずよ,315,358,2019-11-25 05:05:48,2019-11-25 05:05:48,15
226,ファミコン 北斗の拳1の奥の道の入り方,ふぁみこんほくとのけん1のおくのみちのはいりかた,358,382,2019-11-25 05:05:48,2019-11-25 05:05:48,15
227,誇張しすぎた麒麟の川島,こちょうしすぎたきりんのかわしま,235,329,2019-11-25 05:05:48,2019-11-25 05:05:48,16
228,誇張しすぎたですよ。,こちょうしすぎたですよ。,329,397,2019-11-25 05:05:48,2019-11-25 05:05:48,16
229,AMEMIYA,あめみや,397,420,2019-11-25 05:05:48,2019-11-25 05:05:48,16
230,誇張しすぎた美川憲一,こちょうしすぎたみかわけんいち,420,441,2019-11-25 05:05:48,2019-11-25 05:05:48,16
231,せっかく芸人を呼んだのに全すべりしてもりあがらなかった営業担当者の怒ったありがとうございました,せっかくげいにんをよんだのにぜんすべりしてもりあがらなかったえいぎょうたんとうしゃのおこったありがとうございました,441,474,2019-11-25 05:05:48,2019-11-25 05:05:48,16
232,やしろ優,やしろゆう,13,45,2019-11-25 05:05:48,2019-11-25 05:05:48,17
233,やりつくされた柴田恭平のまねをあえてやる,やりつくされたしばたきょうへいのまねをあえてやる,45,100,2019-11-25 05:05:48,2019-11-25 05:05:48,17
234,デヴィ夫人,でヴぃふじん,100,125,2019-11-25 05:05:48,2019-11-25 05:05:48,17
235,ファイナルアンサーからのみのもんたのため,ふぁいなるあんさーからのみのもんたのため,125,150,2019-11-25 05:05:48,2019-11-25 05:05:48,17
236,誇張しすぎた木村拓哉,こちょうしすぎたきむらたくや,150,177,2019-11-25 05:05:48,2019-11-25 05:05:48,17
237,やりつくされた長渕剛のまねをあえてやる,やりつくされたながぶちつよしのまねをあえてやる,177,206,2019-11-25 05:05:48,2019-11-25 05:05:48,17
238,川村隆一,かわむらりゅういち,206,225,2019-11-25 05:05:48,2019-11-25 05:05:48,17
239,今でしょのスーパー誇張,いまでしょのすーぱーこちょう,225,241,2019-11-25 05:05:48,2019-11-25 05:05:48,17
240,誇張しすぎたPPAP,こちょうしすぎたPPAP,177,236,2019-11-25 05:05:48,2019-11-25 05:05:48,18
241,柳原可奈子,やなぎはらかなこ,236,284,2019-11-25 05:05:48,2019-11-25 05:05:48,18
242,AMEMIYA,あめみや,284,330,2019-11-25 05:05:48,2019-11-25 05:05:48,18
243,誇張しすぎた豊田議員,こちょうしすぎたとよだぎいん,330,377,2019-11-25 05:05:48,2019-11-25 05:05:48,18
244,誇張しすぎた松居一代,こちょうしすぎたまついかずよ,377,421,2019-11-25 05:05:48,2019-11-25 05:05:48,18
245,バイきんぐ,ばいきんぐ,421,452,2019-11-25 05:05:48,2019-11-25 05:05:48,18
246,コロチキナダル,ころちきなだる,452,501,2019-11-25 05:05:48,2019-11-25 05:05:48,18
247,ファミコン 北斗の拳1の奥の道の入り方,ふぁみこんほくとのけんいちのおくのみちのはいりかた,501,528,2019-11-25 05:05:48,2019-11-25 05:05:48,18
248,ファミコン キン肉マンの死ぬところ,ふぁみこんきんにくまんのしぬのところ,528,551,2019-11-25 05:05:48,2019-11-25 05:05:48,18
249,インポッシブル,いんぽっしぶる,551,568,2019-11-25 05:05:48,2019-11-25 05:05:48,18
250,ファミコン マッピーのパワードア,ふぁみこんまっぴーのぱわーどあ,568,592,2019-11-25 05:05:48,2019-11-25 05:05:48,18
251,誇張しすぎたカミナリ,こちょうしすぎたかみなり,592,620,2019-11-25 05:05:48,2019-11-25 05:05:48,18
252,誇張しすぎた井上陽水,こちょうしすぎたいのうえようすい,620,661,2019-11-25 05:05:48,2019-11-25 05:05:48,18
253,まるハゲ～って言われた時のモト冬木,まるはげ～っていわれたときのもとふゆき,661,682,2019-11-25 05:05:48,2019-11-25 05:05:48,18
254,営業全すべりで怒りながら挨拶した担当者のありがとうございました,えいぎょうぜんすべりでおこりながらあいさつしたたんとうしゃのありがとうございました,682,720,2019-11-25 05:05:48,2019-11-25 05:05:48,18
255,今のですよ。,いまのですよ。,720,750,2019-11-25 05:05:48,2019-11-25 05:05:48,18
256,誇張しすぎた美川憲一,こちょうしすぎたみかわけんいち,272,302,2019-11-25 05:05:48,2019-11-25 05:05:48,19
257,誇張しすぎた高田順次,こちょうしすぎたたかだじゅんじ,302,339,2019-11-25 05:05:48,2019-11-25 05:05:48,19
258,誇張しすぎたMr.マリック,こちょうしすぎたみすたーまりっく,339,385,2019-11-25 05:05:48,2019-11-25 05:05:48,19
259,誇張しすぎたおばたのお兄さん,こちょうしすぎたおばたのおにいさん,385,428,2019-11-25 05:05:48,2019-11-25 05:05:48,19
260,語尾が「ね」の越中詩郎,ごびが「ね」のこしなかしろう,428,480,2019-11-25 05:05:48,2019-11-25 05:05:48,19
261,永田裕二のすべる白目,ながたゆうじのすべるしろめ,480,505,2019-11-25 05:05:48,2019-11-25 05:05:48,19
262,ライガーvs佐山,らいがーvsさやま,505,594,2019-11-25 05:05:48,2019-11-25 05:05:48,19
263,IKKO,IKKO,594,623,2019-11-25 05:05:48,2019-11-25 05:05:48,19
264,誇張しすぎた高田延彦,こちょうしすぎたたかだのぶひこ,623,702,2019-11-25 05:05:48,2019-11-25 05:05:48,19
265,ストⅡダルシムの死ぬところ,すと2だるしむのしぬところ,702,734,2019-11-25 05:05:48,2019-11-25 05:05:48,19
266,ファミコン 麻雀のチョンボ,ふぁみこんまーじゃんのちょんぼ,734,764,2019-11-25 05:05:48,2019-11-25 05:05:48,19
267,ファミコン 東海道五十三次の死ぬところ,ふぁみこんとうかいどうごじゅうさんつぎのしぬところ,764,790,2019-11-25 05:05:48,2019-11-25 05:05:48,19
268,ファミコン ゴルフの1WとPw,ふぁみこんごるふの1WとPw,790,842,2019-11-25 05:05:48,2019-11-25 05:05:48,19
269,神無月の武藤敬司,かんなづきのむとうけいじ,842,872,2019-11-25 05:05:48,2019-11-25 05:05:48,19
270,志村けんの淡々とした司会,しむらけんのたんたんとしたしかい,872,910,2019-11-25 05:05:48,2019-11-25 05:05:48,19
271,チャーハンのCMの吾郎丸,ちゃーはんのしーえむのごろうまる,910,939,2019-11-25 05:05:48,2019-11-25 05:05:48,19
272,みかん,みかん,97,145,2019-11-25 05:05:48,2019-11-25 05:05:48,20
273,あぁもうでてこんでいいよっていうババアのまね,あぁもうでてこんでいいよっていうばばあのまね,145,179,2019-11-25 05:05:48,2019-11-25 05:05:48,20
274,やばいサラリーマン,やばいさらりーまん,179,202,2019-11-25 05:05:48,2019-11-25 05:05:48,20
275,今でしょのスーパー誇張,いまでしょのすーぱーこちょう,202,229,2019-11-25 05:05:48,2019-11-25 05:05:48,20
276,ASKA,ASKA,229,250,2019-11-25 05:05:48,2019-11-25 05:05:48,20
277,誇張しすぎた野々村議員,こちょうしすぎたののむらぎいん,250,305,2019-11-25 05:05:48,2019-11-25 05:05:48,20
278,ハズキルーペCMの渡辺謙,はずきるーぺしーえむのわたなべけん,17,88,2019-11-25 05:05:48,2019-11-25 05:05:48,21
279,誇張なしのバイキング西村,こちょうなしのばいきんぐにしむら,88,122,2019-11-25 05:05:48,2019-11-25 05:05:48,21
280,誇張しすぎた麒麟の川島,こちょうしすぎたきりんのかわしま,122,162,2019-11-25 05:05:48,2019-11-25 05:05:48,21
281,IKKO,IKKO,162,214,2019-11-25 05:05:48,2019-11-25 05:05:48,21
282,誇張しすぎたですよ。,こちょうしすぎたですよ。,214,276,2019-11-25 05:05:48,2019-11-25 05:05:48,21
283,せっかく芸人を呼んだのに全すべりしてもりあがらなかった営業担当者の怒ったありがとうございました,せっかくげいにんをよんだのにぜんすべりしてもりあがらなかったえいぎょうたんとうしゃのおこったありがとうございました,276,314,2019-11-25 05:05:48,2019-11-25 05:05:48,21
284,悟空,ごくう,314,352,2019-11-25 05:05:49,2019-11-25 05:05:49,21
285,ファミコン 魔界村の死ぬところ,ふぁみこんまかいむらのしぬところ,352,374,2019-11-25 05:05:49,2019-11-25 05:05:49,21
286,ファミコン 北斗の拳1奥の道の入り方,ふぁみこんほくとのけん1おくのみちのはいりかた,374,389,2019-11-25 05:05:49,2019-11-25 05:05:49,21
287,川平慈英,かわひらじえい,375,440,2019-11-25 05:05:49,2019-11-25 05:05:49,22
288,松浦あやのまねをしているミラクルひかる,まつうらあやのまねをしているみらくるひかる,440,561,2019-11-25 05:05:49,2019-11-25 05:05:49,22
289,やりつくされた千昌夫のまねをあえてやる,やりつくされたせんまさおのまねをあえてやる,561,643,2019-11-25 05:05:49,2019-11-25 05:05:49,22
290,遠野なぎこの顔マネ,とおのなぎこのかおまね,643,695,2019-11-25 05:05:49,2019-11-25 05:05:49,22
291,村田英雄のまねをする清水アキラ,むらたひでおのまねをするしみずあきら,695,770,2019-11-25 05:05:49,2019-11-25 05:05:49,22
292,テリー伊藤,てりーいとう,770,818,2019-11-25 05:05:49,2019-11-25 05:05:49,22
293,やりつくされた近藤真彦のまねをあえてやる,やりつくされたこんどうまさひこのまねをあえてやる,818,872,2019-11-25 05:05:49,2019-11-25 05:05:49,22
294,ウメ,うめ,872,950,2019-11-25 05:05:49,2019-11-25 05:05:49,22
295,ファミコン ドラクエⅠの歩き方,ふぁみこんどらくえⅠのあるきかた,950,1014,2019-11-25 05:05:49,2019-11-25 05:05:49,22
296,ファミコン カラテカのお辞儀,ふぁみこんからてかのおじぎ,1014,1089,2019-11-25 05:05:49,2019-11-25 05:05:49,22
297,ファミコン クルクルランドの面クリしたところ,ふぁみこんくるくるらんどのめんくりしたところ,1089,1145,2019-11-25 05:05:49,2019-11-25 05:05:49,22
298,授業中にいねむりしてる生徒を注意する先生,じゅぎょうちゅうにいねむりしてるせいとをちゅういするせんせい,1145,1189,2019-11-25 05:05:49,2019-11-25 05:05:49,22
299,恥も外聞もなく8.6秒バズーカのまねをあえてやる,はじもがいぶんもなく8.6びょうばずーかのまねをあえてやる,1189,1247,2019-11-25 05:05:49,2019-11-25 05:05:49,22
300,顔もトルネードの野茂,かおもとるねーどののも,1247,1274,2019-11-25 05:05:49,2019-11-25 05:05:49,22
301,誇張しすぎた都はるみ,こちょうしすぎたみやこはるみ,1274,1316,2019-11-25 05:05:49,2019-11-25 05:05:49,22
302,デーモン小暮,でーもんこぐれ,1316,1399,2019-11-25 05:05:49,2019-11-25 05:05:49,22
303,アグネス・チャン,あぐねすちゃん,1399,1428,2019-11-25 05:05:49,2019-11-25 05:05:49,22
304,ファミコン けっきょく南極大冒険のアザラシに当たったところ,ふぁみこんけっきょくなんきょくだいぼうけんのあざらしにあたったところ,1428,1467,2019-11-25 05:05:49,2019-11-25 05:05:49,22
305,ファミコン 初期のテニスのサーブ,ふぁみこんしょきのてにすのさーぶ,1467,1502,2019-11-25 05:05:49,2019-11-25 05:05:49,22
306,ファミコン ドンキーコングJr.の4面の鍵さした音,ふぁみこんどんきーこんぐじゅにあの4めんのかぎさしたおと,1502,1537,2019-11-25 05:05:49,2019-11-25 05:05:49,22
307,ファミコン 10ヤードファイトの走ってるところ,ふぁみこん10やーどふぁいとのはしってるところ,1537,1579,2019-11-25 05:05:49,2019-11-25 05:05:49,22
308,金八先生REMIX,きんぱちせんせいりみっくす,1579,1681,2019-11-25 05:05:49,2019-11-25 05:05:49,22
309,いっこく堂,いっこくどう,1681,1732,2019-11-25 05:05:49,2019-11-25 05:05:49,22
310,とにかく明るい安村,とにかくあかるいやすむら,1732,1784,2019-11-25 05:05:49,2019-11-25 05:05:49,22
311,ウィッシュをスーパー誇張,うぃっしゅをすーぱーこちょう,1784,1816,2019-11-25 05:05:49,2019-11-25 05:05:49,22
312,宋兄弟,そうきょうだい,1816,1853,2019-11-25 05:05:49,2019-11-25 05:05:49,22
313,救急車のサイレンのまね,きゅうきゅうしゃのさいれんのまね,1853,1888,2019-11-25 05:05:49,2019-11-25 05:05:49,22
314,北斗の拳サウザー,ほくとのけんさうざー,1888,1916,2019-11-25 05:05:49,2019-11-25 05:05:49,22
315,玉置浩二,たまきこうじ,1920,1966,2019-11-25 05:05:49,2019-11-25 05:05:49,22
316,じゅんいちダビッドソン,じゅんいちだびっどそん,233,300,2019-11-25 05:05:49,2019-11-25 05:05:49,23
317,やりつくされた郷ひろみのまねをあえてやる,やりつくされたごうひろみのまねをあえてやる,300,360,2019-11-25 05:05:49,2019-11-25 05:05:49,23
318,YOU,YOU,360,407,2019-11-25 05:05:49,2019-11-25 05:05:49,23
319,恥も外聞もなく楽しんごのまねをあえてやる,はじもがいぶんもなくたのしんごのまねをあえてやる,407,466,2019-11-25 05:05:49,2019-11-25 05:05:49,23
320,松山千春,まつやまちはる,466,538,2019-11-25 05:05:49,2019-11-25 05:05:49,23
321,渡辺謙の顔まね,わたなべけんのかおまね,538,578,2019-11-25 05:05:49,2019-11-25 05:05:49,23
322,長澤まさみのまねをしている福田彩乃,ながさわまさみのまねをしているふくだあやの,578,615,2019-11-25 05:05:49,2019-11-25 05:05:49,23
323,昔のですよ。,むかしのですよ。,615,713,2019-11-25 05:05:49,2019-11-25 05:05:49,23
324,何の音もしない関根勤の笑い方,なんのおともしないせきねつとむのわらいかた,713,747,2019-11-25 05:05:49,2019-11-25 05:05:49,23
325,金田朋子,かねだともこ,747,797,2019-11-25 05:05:49,2019-11-25 05:05:49,23
326,爆笑問題太田さんの登場シーン,ばくしょうもんだいおおたさんのとうじょうしーん,797,822,2019-11-25 05:05:49,2019-11-25 05:05:49,23
327,誇張しすぎた沢田研二,こちょうしすぎたさわだけんじ,822,862,2019-11-25 05:05:49,2019-11-25 05:05:49,23
328,九官鳥がむりやりおぼえさせられた桃太郎,きゅうかんちょうがむりやりおぼえさせられたももたろう,862,925,2019-11-25 05:05:49,2019-11-25 05:05:49,23
329,爬虫類の行きそうで行かないやつ,はちゅうるいのいきそうでいかないやつ,925,968,2019-11-25 05:05:49,2019-11-25 05:05:49,23
330,ぐうたらな猫,ぐうたらなねこ,968,1009,2019-11-25 05:05:49,2019-11-25 05:05:49,23
331,まんが日本昔ばなし,まんがにほんむかしばなし,1009,1068,2019-11-25 05:05:49,2019-11-25 05:05:49,23
332,チェッカーズ高杢のうざいコーラス,ちぇっかーずたかもくのうざいこーらす,1068,1123,2019-11-25 05:05:49,2019-11-25 05:05:49,23
333,DAPUMPの合いの手,DAPUMPのあいのて,1123,1157,2019-11-25 05:05:49,2019-11-25 05:05:49,23
334,ファミコン 六三四の剣のやられたところ,ふぁみこんろくさんよんのけんのやられたところ,1157,1180,2019-11-25 05:05:49,2019-11-25 05:05:49,23
335,ファミコン グラディウズのやられたところ,ふぁみこんぐらでぃうずのやられたところ,1180,1205,2019-11-25 05:05:49,2019-11-25 05:05:49,23
336,ファミコン トランスフォーマーのやられたところ,ふぁみこんとらんすふぉーまーのやられたところ,1205,1222,2019-11-25 05:05:49,2019-11-25 05:05:49,23
337,私立恵比寿中学あいあいこと廣田あいか,しりつえびすちゅうがくあいあいことひろたあいか,1222,1249,2019-11-25 05:05:49,2019-11-25 05:05:49,23
338,ストⅢのザンギエフ,すとⅢのざんぎえふ,1249,1262,2019-11-25 05:05:49,2019-11-25 05:05:49,23
339,ファイプロのトミーボンバーのジャンピングニー,ふぁいぷろのとみーぼんばーのじゃんぴんぐにー,1262,1281,2019-11-25 05:05:49,2019-11-25 05:05:49,23
340,ファミコン タッグチームプロレスリングの面クリしたところ,ふぁみこんたっぐちーむぷろれすりんぐのめんくりしたところ,1281,1329,2019-11-25 05:05:49,2019-11-25 05:05:49,23
341,平井堅,ひらいけん,1329,1360,2019-11-25 05:05:49,2019-11-25 05:05:49,23
342,チャン・ドンゴン,ちゃんどんごん,1360,1407,2019-11-25 05:05:49,2019-11-25 05:05:49,23
343,スーパーうるせえ痰を切るじいさん,すーぱーうるせえたんをきるじいさん,1407,1440,2019-11-25 05:05:49,2019-11-25 05:05:49,23
344,チュッパチャップス,ちゅっぱちゃっぷす,1440,1473,2019-11-25 05:05:49,2019-11-25 05:05:49,23
345,誇張しすぎたジャパネットたかた,こちょうしすぎたじゃぱねっとたかた,1473,1538,2019-11-25 05:05:49,2019-11-25 05:05:49,23
346,赤プル(旦那Ver.）,あかぷる(だんなばーじょん）,251,302,2019-11-25 05:05:49,2019-11-25 05:05:49,24
347,ファイナルアンサーからのみのもんたのため,ふぁいなるあんさーからのみのもんたのため,302,349,2019-11-25 05:05:49,2019-11-25 05:05:49,24
348,リアップCMの水谷豊,りあっぷしーえむのみずたにゆたか,349,381,2019-11-25 05:05:49,2019-11-25 05:05:49,24
349,誇張しすぎた野々村議員,こちょうしすぎたののむらぎいん,381,455,2019-11-25 05:05:49,2019-11-25 05:05:49,24
350,あまちゃんアキの彼氏の種市先輩,あまちゃんあきのかれしのたねいちせんぱい,455,509,2019-11-25 05:05:49,2019-11-25 05:05:49,24
351,タイガーマスクのタイガーステップ,たいがーますくのたいがーすてっぷ,509,555,2019-11-25 05:05:49,2019-11-25 05:05:49,24
352,河村隆一,かわむらりゅういち,555,592,2019-11-25 05:05:49,2019-11-25 05:05:49,24
353,チャラのCM,ちゃらのしーえむ,592,625,2019-11-25 05:05:49,2019-11-25 05:05:49,24
354,MORIYAMA,もりやま,625,664,2019-11-25 05:05:49,2019-11-25 05:05:49,24
355,ファミコン がんばれゴエモンの店の店員,ふぁみこんがんばれごえもんのみせのてんいん,664,698,2019-11-25 05:05:49,2019-11-25 05:05:49,24
356,ファミコン アイスクライマーGAMEOVER時の音,ふぁみこんあいすくらいまーげーむおーばーじのおと,698,751,2019-11-25 05:05:49,2019-11-25 05:05:49,24
357,アニメ怪物くんの冬話タイトルのところ,あにめかいぶつくんのふゆばなしたいとるのところ,751,821,2019-11-25 05:05:49,2019-11-25 05:05:49,24
358,ルーズベルトゲーム諸田社長,るーずべるとげーむもろたしゃちょう,821,886,2019-11-25 05:05:49,2019-11-25 05:05:49,24
359,ルーズベルトゲーム沖原の顔,るーずべるとげーむおきはらのかお,886,928,2019-11-25 05:05:49,2019-11-25 05:05:49,24
360,ルーズベルトゲームイツワ電器のピッチャー如月の顔,るーずべるとげーむいつわでんきのぴっちゃーきさらぎのかお,928,954,2019-11-25 05:05:49,2019-11-25 05:05:49,24
361,やりつくされた武田鉄矢のまねをあえてやる2,やりつくされたたけだてつやのまねをあえてやる2,954,1005,2019-11-25 05:05:49,2019-11-25 05:05:49,24
362,ロングブレスダイエットの美木良助,ろんぐぶれすだいえっとのみきりょうすけ,1005,1047,2019-11-25 05:05:49,2019-11-25 05:05:49,24
363,小学校の集合写真でちょける奴,しょうがっこうのしゅうごうしゃしんでちょけるやつ,1047,1074,2019-11-25 05:05:49,2019-11-25 05:05:49,24
364,古畑任三郎の小堺さんの回の政治家,ふるはたにんざぶろうのこさかいさんのかいのせいじか,1074,1107,2019-11-25 05:05:49,2019-11-25 05:05:49,24
365,あぁもう出てこんでいいよって思わせるばばあのまね,あぁもうでてこんでいいよっておもわせるばばあのまね,1107,1147,2019-11-25 05:05:49,2019-11-25 05:05:49,24
366,中島美嘉,なかしまみか,1147,1176,2019-11-25 05:05:49,2019-11-25 05:05:49,24
367,FUNKYMONKEYBABYSのDJケミカルのライブパフォーマンス,FUNKYMONKEYBABYSのDJけみかるのらいぶぱふぉーまんす,1176,1206,2019-11-25 05:05:49,2019-11-25 05:05:49,24
368,志村けん,しむらけん,1206,1241,2019-11-25 05:05:49,2019-11-25 05:05:49,24
369,ハマカーン,はまかーん,1241,1286,2019-11-25 05:05:49,2019-11-25 05:05:49,24
370,誇張しすぎた夙川アトム,こちょうしすぎたしゅくがわあとむ,1286,1328,2019-11-25 05:05:49,2019-11-25 05:05:49,24
371,研ナオコ,けんなおこ,1328,1360,2019-11-25 05:05:49,2019-11-25 05:05:49,24
372,アニメMONSTERの第1話のラスト,あにめもんすたーのだいいちわのらすと,1360,1406,2019-11-25 05:05:49,2019-11-25 05:05:49,24
373,今でしょのスーパー誇張,いまでしょのすーぱーこちょう,1406,1430,2019-11-25 05:05:49,2019-11-25 05:05:49,24
374,孤独のグルメ井ノ頭五郎,こどくのぐるめのいのかしらごろう,1430,1454,2019-11-25 05:05:49,2019-11-25 05:05:49,24
375,カールスモーキー石井,かーるすもーきーいしい,1454,1484,2019-11-25 05:05:49,2019-11-25 05:05:49,24
376,誇張しすぎたクマムシ,こちょうしすぎたくまむし,209,256,2019-11-25 05:05:49,2019-11-25 05:05:49,25
377,誇張しすぎた舛添要一,こちょうしすぎたますぞよういち,256,303,2019-11-25 05:05:49,2019-11-25 05:05:49,25
378,誇張しすぎたドリカム中村,こちょうしすぎたどりかむなかむら,303,338,2019-11-25 05:05:49,2019-11-25 05:05:49,25
379,やりつくされた田中邦衛のまねをあえてやる,やりつくされたたなかくにえのまねをあえてやる,338,404,2019-11-25 05:05:49,2019-11-25 05:05:49,25
380,誇張しすぎた永野,こちょうしすぎたながの,404,503,2019-11-25 05:05:49,2019-11-25 05:05:49,25
381,松村邦洋がやる最近のたけしさん,まつむらくにひろがやるさいきんのたけしさん,503,553,2019-11-25 05:05:49,2019-11-25 05:05:49,25
382,誇張しすぎたドナルドトランプ,こちょうしすぎたどなるどとらんぷ,553,582,2019-11-25 05:05:49,2019-11-25 05:05:49,25
383,もう中学生,もうちゅうがくせい,582,616,2019-11-25 05:05:49,2019-11-25 05:05:49,25
384,物を置かれても動じない猫,ものをおかれてもどうじないねこ,616,667,2019-11-25 05:05:49,2019-11-25 05:05:49,25
385,山本高広,やまもとたかひろ,667,689,2019-11-25 05:05:49,2019-11-25 05:05:49,25
386,ファミコン ロードランナーの死ぬところ,ふぁみこんろーどらんなーのしぬところ,689,726,2019-11-25 05:05:49,2019-11-25 05:05:49,25
387,誇張しすぎたパッション屋良,こちょうしすぎたぱっしょんやら,726,770,2019-11-25 05:05:49,2019-11-25 05:05:49,25
388,誇張しすぎたオードリー春日,こちょうしすぎたおーどりーかすが,770,816,2019-11-25 05:05:49,2019-11-25 05:05:49,25
389,ファミコン スパルタンXのつかみ男,ふぁみこんすぱるたんXのつかみおとこ,816,844,2019-11-25 05:05:49,2019-11-25 05:05:49,25
390,誇張しすぎたマスオさん,こちょうしすぎたますおさん,844,905,2019-11-25 05:05:49,2019-11-25 05:05:49,25
391,aiko,aiko,905,921,2019-11-25 05:05:49,2019-11-25 05:05:49,25
392,誇張しすぎた麒麟の川島,こちょうしすぎたきりんのかわしま,921,997,2019-11-25 05:05:49,2019-11-25 05:05:49,25
393,嫌がる犬,いやがるいぬ,997,1019,2019-11-25 05:05:49,2019-11-25 05:05:49,25
394,ブレイキングバットのタイトル,ぶれいきんぐばっとのたいとる,1019,1057,2019-11-25 05:05:49,2019-11-25 05:05:49,25
395,やる気のある宮尾すすむとやる気のない宮尾すすむ,やるきのあるみやおすすむとやるきのないみやおすすむ,1057,1079,2019-11-25 05:05:49,2019-11-25 05:05:49,25
396,誇張しすぎた矢口真里,こちょうしすぎたやぐちまり,1079,1106,2019-11-25 05:05:49,2019-11-25 05:05:49,25
397,ファミコン 何故かしらないが後ろへそらしてしまうベースボールの野手,ふぁみこんなぜかしらないがうしろへそらしてしまうべーすぼーるのやしゅ,1106,1131,2019-11-25 05:05:49,2019-11-25 05:05:49,25
398,軽快に走っているが急にチーターに襲われる草食動物,けいかいにはしっているがきゅうにちーたーにおそわれるそうしょくどうぶつ,1131,1159,2019-11-25 05:05:49,2019-11-25 05:05:49,25
399,セガサターンDの食卓のローラ,せがさたーんDのしょくたくのろーら,1159,1197,2019-11-25 05:05:49,2019-11-25 05:05:49,25
400,名古屋のラジオで蹴られた女の人,なごやのらじおでけられたおんなのひと,1197,1247,2019-11-25 05:05:49,2019-11-25 05:05:49,25
401,プレステBIOHAZARDの歩き方,ぷれすてBIOHAZARDのあるきかた,1247,1307,2019-11-25 05:05:49,2019-11-25 05:05:49,25
402,ボディビルダーの怖すぎる笑顔,ぼでぃびるだーのこわすぎるえがお,1307,1333,2019-11-25 05:05:49,2019-11-25 05:05:49,25
403,ファミコン チャレンジャーの死ぬところ,ふぁみこんちゃれんじゃーのしぬところ,1333,1348,2019-11-25 05:05:49,2019-11-25 05:05:49,25
404,Go皆川,ごーみながわ,1348,1371,2019-11-25 05:05:49,2019-11-25 05:05:49,25
405,誇張しすぎた福原愛,こちょうしすぎたふくはらあい,1371,1389,2019-11-25 05:05:49,2019-11-25 05:05:49,25
406,R藤本のベジータ,Rふじもとのべじーた,294,354,2019-11-25 05:05:49,2019-11-25 05:05:49,26
407,ヒロシ,ひろし,354,412,2019-11-25 05:05:49,2019-11-25 05:05:49,26
408,誇張しすぎたオリラジのパーフェクトヒューマン,こちょうしすぎたおりらじのぱーふぇくとひゅーまん,412,504,2019-11-25 05:05:49,2019-11-25 05:05:49,26
409,大沢親分,おおさわおやぶん,504,547,2019-11-25 05:05:49,2019-11-25 05:05:49,26
410,誇張しすぎた五郎丸,こちょうしすぎたごろうまる,547,594,2019-11-25 05:05:49,2019-11-25 05:05:49,26
411,24のクロエの顔,24のくろえのかお,594,630,2019-11-25 05:05:49,2019-11-25 05:05:49,26
412,やりつくされたマックのポテトの音をあえてやる,やりつくされたまっくのぽてとのおとをあえてやる,630,702,2019-11-25 05:05:49,2019-11-25 05:05:49,26
413,高田延彦,たかだのぶひこ,702,742,2019-11-25 05:05:49,2019-11-25 05:05:49,26
414,ベッキー,べっきー,742,810,2019-11-25 05:05:49,2019-11-25 05:05:49,26
415,誇張しすぎた浅野温子,こちょうしすぎたあさのあつこ,810,867,2019-11-25 05:05:49,2019-11-25 05:05:49,26
416,料理の鉄人の鹿賀丈史,りょうりのてつじんのかがたけし,867,919,2019-11-25 05:05:49,2019-11-25 05:05:49,26
417,五木ひろしの種,いつきひろしのたね,919,971,2019-11-25 05:05:49,2019-11-25 05:05:49,26
418,誇張しすぎた坂本冬美,こちょうしすぎたさかもとふゆみ,971,1018,2019-11-25 05:05:49,2019-11-25 05:05:49,26
419,かつぜつが悪くて何言ってんのかわからない大友康平,かつぜつがわるくてなにいってんのかわからないおおともこうへい,1018,1073,2019-11-25 05:05:49,2019-11-25 05:05:49,26
420,やりつくされた井上陽水のまねをあえてやる,やりつくされたいのうえようすいのまねをあえてやる,1073,1163,2019-11-25 05:05:49,2019-11-25 05:05:49,26
421,やりつくされた西城秀樹のまねをあえてやる,やりつくされたさいじょうひできのまねをあえてやる,1163,1203,2019-11-25 05:05:49,2019-11-25 05:05:49,26
422,もしも三代目JソウルBROS.のリュウセイダンスがマリックだったら,もしもさんだいめJそうるぶらだーず.のりゅうせいだんすがまりっくだったら,1203,1253,2019-11-25 05:05:49,2019-11-25 05:05:49,26
423,バンビーノのダンソン,ばんびーののだんそん,1253,1296,2019-11-25 05:05:49,2019-11-25 05:05:49,26
424,ファミコン スパルタンXのMr.Xの死ぬところ,ふぁみこんすぱるたんXのみすたーXのしぬところ,1296,1340,2019-11-25 05:05:49,2019-11-25 05:05:49,26
425,警備員の立ち方,けいびいんのたちかた,1340,1374,2019-11-25 05:05:49,2019-11-25 05:05:49,26
426,脳みそ夫,のうみそお,1374,1411,2019-11-25 05:05:49,2019-11-25 05:05:49,26
427,戦場カメラマンREMIX,せんじょうかめらまんりみっくす,1411,1486,2019-11-25 05:05:49,2019-11-25 05:05:49,26
428,幻覚見てる人,げんかくみてるひと,1486,1517,2019-11-25 05:05:49,2019-11-25 05:05:49,26
429,R-1の袖にいるスタッフのまね,R-1のそでにいるすたっふのまね,1517,1553,2019-11-25 05:05:49,2019-11-25 05:05:49,26
430,動物園の熊,どうぶつえんのくま,1553,1630,2019-11-25 05:05:49,2019-11-25 05:05:49,26
431,誇張しすぎた長嶋監督,こちょうしすぎたながしまかんとく,1630,1680,2019-11-25 05:05:49,2019-11-25 05:05:49,26
432,やりつくされた桑田圭祐のまねをあえてやる,やりつくされたくわたけいすけのまねをあえてやる,1680,1752,2019-11-25 05:05:49,2019-11-25 05:05:49,26
433,ちょっとなれてきた芸人のあいさつ,ちょっとなれてきたげいにんのあいさつ,1752,1774,2019-11-25 05:05:49,2019-11-25 05:05:49,26
434,ペンギン村のばあさん,ぺんぎんむらのばあさん,1774,1805,2019-11-25 05:05:49,2019-11-25 05:05:49,26
435,日本エレキテル連合の細貝さん,にほんえれきてるれんごうのほそがいさん,1805,1894,2019-11-25 05:05:49,2019-11-25 05:05:49,26
436,ジャッキーチェン日本語吹き替えVer.石丸博也,じゃっきーちぇーんのにほんごふきかえばーじょんのいしまるひろやのこえ,295,347,2019-11-25 05:05:49,2019-11-25 05:05:49,27
437,奇面組の冷越豪,きめんぐみのれいえつごうのかお,347,379,2019-11-25 05:05:49,2019-11-25 05:05:49,27
438,セガサターンの起動音を顔で表現,せがさたーんのきどうおんをかおでひょうげん,379,437,2019-11-25 05:05:49,2019-11-25 05:05:49,27
439,バービーボーイズ√5のアルバムのコンタの立ち方,ばーびーぼーいずるーと5のあるばむのこんたのたちかた,437,471,2019-11-25 05:05:49,2019-11-25 05:05:49,27
440,Uインターのヤマケン,Uいんたーのやまけん,471,543,2019-11-25 05:05:49,2019-11-25 05:05:49,27
441,ザ・グレートカブキのラリアットの声と渾身のアピール,ざぐれーとかぶきのらりあっとのこえとこんしんのあぴーる,543,600,2019-11-25 05:05:49,2019-11-25 05:05:49,27
442,Mrポーゴの有刺鉄線バットが当たった時のリアクション,えむrぽーごのゆうしてっせんばっとがあたったときのりあくしょん,600,661,2019-11-25 05:05:49,2019-11-25 05:05:49,27
443,生ダラの時の福沢朗,なまだらのときのふくざわあきら,661,709,2019-11-25 05:05:49,2019-11-25 05:05:49,27
444,寝起きのアントニオ猪木,ねおきのあんとにおいのき,709,772,2019-11-25 05:05:49,2019-11-25 05:05:49,27
445,自宅のチャラ,じたくのちゃら,772,839,2019-11-25 05:05:49,2019-11-25 05:05:49,27
446,BIOHAZARDのタイトル面,BIOHAZARDのたいとるめん,839,881,2019-11-25 05:05:49,2019-11-25 05:05:49,27
447,ストリートファイターⅡのケンのやられるところ,すとりーとふぁいたー2のけんのやられるところ,881,925,2019-11-25 05:05:49,2019-11-25 05:05:49,27
448,ファミコン スパルタンXの死ぬとこ,ふぁみこんすぱるたんXのしぬとこ,925,977,2019-11-25 05:05:49,2019-11-25 05:05:49,27
449,ファミコン 魔界村の死ぬとこ,ふぁみこんまかいむらのしぬとこ,977,1023,2019-11-25 05:05:49,2019-11-25 05:05:49,27
450,ファミコン 忍者ハットリ君の死ぬとこ,ふぁみこんにんじゃはっとりくんのしぬとこ,1023,1075,2019-11-25 05:05:49,2019-11-25 05:05:49,27
451,ファミコン がんばれゴエモンの敵キャラ「御用だ!!」の死ぬとこ,ふぁみこんがんばれごえもんのてききゃらごようだのしぬとこ,1075,1134,2019-11-25 05:05:49,2019-11-25 05:05:49,27
452,ブラザーコーンのマイクの持ち方,ぶらざーこーんのまいくのもちかた,1134,1169,2019-11-25 05:05:49,2019-11-25 05:05:49,27
453,古畑任三郎のコーヒーの飲み方,ふるはたにんざぶろうのこーひーののみかた,1169,1217,2019-11-25 05:05:49,2019-11-25 05:05:49,27
454,アニメキン肉マンのCMにいくとこ,あにめきんにくまんのしーえむにいくとこ,1217,1281,2019-11-25 05:05:49,2019-11-25 05:05:49,27
455,兜こうじが初めてマジンガーZに乗ってうまく操縦できずに走るさま,かぶとこうじがはじめてまじんがーぜっとにのってうまくそうじゅうできずにはしるさま,1281,1335,2019-11-25 05:05:49,2019-11-25 05:05:49,27
456,アラレちゃんのぶた,あられちゃんのぶた,1335,1380,2019-11-25 05:05:49,2019-11-25 05:05:49,27
457,冬木弘道,ふゆきひろみち,1380,1465,2019-11-25 05:05:49,2019-11-25 05:05:49,27
458,高田延彦の試合前の気合い,たかだのぶひこのしあいまえのきあい,1465,1523,2019-11-25 05:05:49,2019-11-25 05:05:49,27
459,佐々木健介の罵声とだせえインタビュー,ささきけんすけのばせいとだせえいんたびゅー,1523,1614,2019-11-25 05:05:49,2019-11-25 05:05:49,27
460,武藤敬司の札を上げるとこ,むとうけいじのふだをあげるとこ,1614,1666,2019-11-25 05:05:49,2019-11-25 05:05:49,27
461,WAR石川孝司の相撲がぬけきれないサソリ固め,WARいしかわこうじのすもうがぬけきれないさそりがため,1666,1729,2019-11-25 05:05:49,2019-11-25 05:05:49,27
462,ライガーボム,らいがーぼむ,1729,1800,2019-11-25 05:05:49,2019-11-25 05:05:49,27
463,業界人のあいさつの仕方,ぎょうかいじんのあいさつのしかた,1800,1842,2019-11-25 05:05:49,2019-11-25 05:05:49,27
464,欽ちゃんの仮装大賞の効果音,きんちゃんのかそうたいしょうのこうかおん,1842,1913,2019-11-25 05:05:49,2019-11-25 05:05:49,27
465,少林寺木人拳の和尚,しょうりんじもくじんけんのおしょう,1913,1971,2019-11-25 05:05:49,2019-11-25 05:05:49,27
466,Ｆ１レーサー鈴木あくりのリタイアのいいわけ,F1れーさーすずきあくりのりたいあのいいわけ,1971,2000,2019-11-25 05:05:49,2019-11-25 05:05:49,27
467,初代タイガーマスク佐山聡の覆面をつけてこなかった時の言い訳,しょだいたいがーますくさやまさとしのふくめんをつけてこなかったときのいいわけ,2000,2093,2019-11-25 05:05:49,2019-11-25 05:05:49,27
468,忍者ハットリ君のへそくりを出すところ,にんじゃはっとりくんのへそくりをだすところ,2093,2130,2019-11-25 05:05:49,2019-11-25 05:05:49,27
469,ぴー子のものまね審査員,ぴーこのものまねしんさいん,2130,2164,2019-11-25 05:05:49,2019-11-25 05:05:49,27
470,サムライジャイアンツの金ヤン,さむらいじゃいあんつのかねやん,2164,2186,2019-11-25 05:05:49,2019-11-25 05:05:49,27
471,酔拳のライバル道場のテーマ曲,すいけんのらいばるどうじょうのてーまきょく,2186,2215,2019-11-25 05:05:49,2019-11-25 05:05:49,27
472,キャプテン青葉の監督,きゃぷてんあおばのかんとく,2215,2256,2019-11-25 05:05:49,2019-11-25 05:05:49,27
473,ガンダム黒い三連星のオルテガ,がんだむくろいさんれんせいのおるてが,2256,2284,2019-11-25 05:05:49,2019-11-25 05:05:49,27
474,BIOHAZARDの狂った村人,BIOHAZARDのくるったむらびと,2284,2313,2019-11-25 05:05:49,2019-11-25 05:05:49,27
475,バードマンのコケ方,ばーどまんのこけかた,2313,2340,2019-11-25 05:05:49,2019-11-25 05:05:49,27
476,PS3起動音を顔で表現,PS3きどうおんをかおでひょうげん,2340,2360,2019-11-25 05:05:49,2019-11-25 05:05:49,27
477,アニマル浜口,あにまるはまぐち,2360,2415,2019-11-25 05:05:49,2019-11-25 05:05:49,27
478,ホラーの音,ほらーのおと,2415,2467,2019-11-25 05:05:49,2019-11-25 05:05:49,27
479,矢沢栄吉のサンバリンズナイ,やざわえいきちのさんばりんずない,2467,2494,2019-11-25 05:05:49,2019-11-25 05:05:49,27
480,マイク・タイソンのサントリーDRYのCM,まいくたいそんのさんとりーどらいのしーえむ,2494,2519,2019-11-25 05:05:49,2019-11-25 05:05:49,27
481,爆笑Booing(ローカル番組)に出演した時のカウス師匠,ばくしょうBooing(ろーかるばんぐみ)にしゅつえんしたときのかうすししょう,2519,2626,2019-11-25 05:05:49,2019-11-25 05:05:49,27
482,あしたのジョーの力石徹,あしたのじょーのりきいしとおる,2626,2671,2019-11-25 05:05:49,2019-11-25 05:05:49,27
483,ケミストリーの川畑,けみすとりーのかわばた,2671,2696,2019-11-25 05:05:49,2019-11-25 05:05:49,27
484,長州力,ちょうしゅうりき,2696,2722,2019-11-25 05:05:49,2019-11-25 05:05:49,27
485,エスパー魔美のテレポーテーション,えすぱーまみのてれぽーてーしょん,2722,2744,2019-11-25 05:05:49,2019-11-25 05:05:49,27
486,ジャンボ鶴田の試合後のアピール,じゃんぼつるたのしあいごのあぴーる,2752,2800,2019-11-25 05:05:49,2019-11-25 05:05:49,27
487,BIOHAZARD5の司令官マジン,BIOHAZARD5のしれいかんまじん,2800,2841,2019-11-25 05:05:49,2019-11-25 05:05:49,27
488,ザ・グレート・カブキの平成維新軍入りした時の記者会見,ざぐれーとかぶきのへいせいいしんぐんいりしたときのきしゃかいけん,2841,2892,2019-11-25 05:05:49,2019-11-25 05:05:49,27
489,メタルギア・ソリッドの敵兵士の歩き方,めたるぎあそりっどのてきへいしのあるきかた,2892,2942,2019-11-25 05:05:49,2019-11-25 05:05:49,27
490,NOFEARのアピール,NOFEARのあぴーる,2942,3001,2019-11-25 05:05:49,2019-11-25 05:05:49,27
491,劇場版アニメストリートファイターⅡ ケンの吹き替え羽賀研二のアドリブ,げきじょうばんあにめすとりーとふぁいたー2けんのふきかえはがけんじのあどりぶ,3001,3057,2019-11-25 05:05:49,2019-11-25 05:05:49,27
492,相棒のいたみ刑事,あいぼうのいたみけいじ,3057,3081,2019-11-25 05:05:49,2019-11-25 05:05:49,27
493,Mr.マリックの登場音,みすたーまりっくのとうじょうおん,3081,3099,2019-11-25 05:05:49,2019-11-25 05:05:49,27
494,髭男爵より髭男爵,ひげだんしゃくよりひげだんしゃく,3099,3122,2019-11-25 05:05:49,2019-11-25 05:05:49,27
495,ファイヤープロレスの氷川光秀,ふぁいやーぷろれすのひかわみつひで,3122,3166,2019-11-25 05:05:49,2019-11-25 05:05:49,27
496,赤プル,あかぷる,3166,3193,2019-11-25 05:05:49,2019-11-25 05:05:49,27
497,くまだまさしの謝り方,くまだまさしのあやまりかた,3193,3226,2019-11-25 05:05:49,2019-11-25 05:05:49,27
498,オテンキの江波戸,おてんきのえばと,3226,3194,2019-11-25 05:05:49,2019-11-25 05:05:49,27
499,JINの坂本龍馬,JINのさかもとりょうま,3194,3295,2019-11-25 05:05:49,2019-11-25 05:05:49,27
500,ファミコン フロントライン,ふぁみこんふろんとらいん,3295,3311,2019-11-25 05:05:49,2019-11-25 05:05:49,27
501,24ジャックバウアーのくやしがり方,24じゃっくばうあーのくやしがりかた,3311,3327,2019-11-25 05:05:49,2019-11-25 05:05:49,27
502,あぶない刑事の歩き方,あぶないけいじのあるきかた,3327,3363,2019-11-25 05:05:49,2019-11-25 05:05:49,27
503,布袋寅奉,ほていともやす,3363,3398,2019-11-25 05:05:49,2019-11-25 05:05:49,27
504,BE-BOP仲間トオルのボンタン狩られた時,BE-BOPなかまとおるのぼんたんかられたとき,3398,3435,2019-11-25 05:05:49,2019-11-25 05:05:49,27
505,ストリートファイターⅡのベガのヘッドプレス,すとりーとふぁいたー2のべがのへっどぷれす,3435,3482,2019-11-25 05:05:49,2019-11-25 05:05:49,27
506,つけ麺店主のタオルの巻き方,つけめんてんしゅのたおるのまきかた,3482,3524,2019-11-25 05:05:49,2019-11-25 05:05:49,27
507,かんじんな所で噛むディック東郷,かんじんなところでかむでぃっくとうごう,3524,3546,2019-11-25 05:05:49,2019-11-25 05:05:49,27
508,新幹線の車掌の切符拝見,しんかんせんのしゃしょうのきっぷはいけん,3546,3582,2019-11-25 05:05:49,2019-11-25 05:05:49,27
509,文珍師匠の威張りすぎの歩き方,ぶんちんししょうのいばりすぎのあるきかた,3582,3620,2019-11-25 05:05:49,2019-11-25 05:05:49,27
510,長時間立ちっぱなしの警備員,ちょうじかんたちっぱなしのけいびいん,3620,3646,2019-11-25 05:05:49,2019-11-25 05:05:49,27
511,ファミコン スーパーチャイニーズの死ぬとこ,ふぁみこんすーぱーちゃいにーずのしぬとこ,3646,3661,2019-11-25 05:05:49,2019-11-25 05:05:49,27
512,とくこ,とくこ,3661,3692,2019-11-25 05:05:49,2019-11-25 05:05:49,27
513,プリズンブレイクのマイケル・スコフィールド,ぷりずんぶれいくのまいけるすこふぃーるど,3692,3725,2019-11-25 05:05:49,2019-11-25 05:05:49,27
514,笑点の時の三遊亭好楽のキモイ登場,しょうてんのときのさんゆうていこうらくのきもいとうじょう,3725,3769,2019-11-25 05:05:49,2019-11-25 05:05:49,27
515,ATARUのチョコザイくん,ATARUのちょこざいくん,3769,3824,2019-11-25 05:05:49,2019-11-25 05:05:49,27
516,プリズンブレイクのシーズン2のベリックの歩き方,ぷりずんぶれいくのしーずん2のべりっくのあるきかた,3824,3900,2019-11-25 05:05:49,2019-11-25 05:05:49,27
517,グレーゾーンの三ツ矢,ぐれーぞーんのみつや,3900,3949,2019-11-25 05:05:49,2019-11-25 05:05:49,27
518,天山広告のアピール,てんざんこうこくのあぴーる,3949,4001,2019-11-25 05:05:49,2019-11-25 05:05:49,27
519,百田光雄の攻撃の時とやられた時,ももたみつおのこうげきのときとやられたとき,4001,4049,2019-11-25 05:05:49,2019-11-25 05:05:49,27
520,ダウンタウン松本さんの笑うの我慢してる顔,だうんたうんまつもとさんのわらうのがまんしてるかお,4049,4071,2019-11-25 05:05:50,2019-11-25 05:05:50,27
521,スーパーロボット大戦のガイキングキラー将軍,すーぱーろぼっとたいせんのがいきんぐきらーしょうぐん,4071,4121,2019-11-25 05:05:50,2019-11-25 05:05:50,27
522,タイガー・ジェットシン,たいがーじぇっとしん,4121,4149,2019-11-25 05:05:50,2019-11-25 05:05:50,27
523,WWEジョン・シナ,WWEじょんしな,4149,4177,2019-11-25 05:05:50,2019-11-25 05:05:50,27
524,飯塚高史,いいづかたかし,4177,4216,2019-11-25 05:05:50,2019-11-25 05:05:50,27
525,カミーユに殴られた時のクアトロバジーナ(シャア)　※?,かみーゆになぐられたときのくあとろばじーな(しゃあ)※?,4216,4269,2019-11-25 05:05:50,2019-11-25 05:05:50,27
526,武藤のフェイスクラッシャー,むとうのふぇいすくらっしゃー,4269,4306,2019-11-25 05:05:50,2019-11-25 05:05:50,27
527,あぶない刑事舘ひろしの走り方,あぶないでかたちひろしのはしりかた,4306,4325,2019-11-25 05:05:50,2019-11-25 05:05:50,27
528,やりつくされた森進一のまねをあえてやる,やりつくされたもりしんいちのまねをあえてやる,4325,4362,2019-11-25 05:05:50,2019-11-25 05:05:50,27
529,ライヴ時の吉川晃司,らいヴじのきっかわこうじ,4362,4396,2019-11-25 05:05:50,2019-11-25 05:05:50,27
530,ドイツ語でザブングル加藤のまねをする春香クリスティーン,どいつごでざぶんぐるかとうのまねをするはるかくりすてぃーん,4396,4420,2019-11-25 05:05:50,2019-11-25 05:05:50,27
531,ファミコン アーバンチャンピオンの勝ったところ,ふぁみこんあーばんちゃんぴおんのかったところ,4420,4446,2019-11-25 05:05:50,2019-11-25 05:05:50,27
532,やばい乞食のまね,やばいこじきのまね,4446,4473,2019-11-25 05:05:50,2019-11-25 05:05:50,27
533,北朝鮮の報道TVのアナウンサー,きたちょうせんのほうどうTVのあなうんさー,4473,4507,2019-11-25 05:05:50,2019-11-25 05:05:50,27
534,麻原●晃,あさはら●こう,4507,4549,2019-11-25 05:05:50,2019-11-25 05:05:50,27
535,誇張しすぎたザキヤマ,こちょうしすぎたざきやま,4549,4634,2019-11-25 05:05:50,2019-11-25 05:05:50,27
536,ジャッキーチェン日本語吹き替えVer.石丸博也,じゃっきーちぇーんのにほんごふきかえばーじょんのいしまるひろやのこえ,340,405,2019-11-25 05:05:50,2019-11-25 05:05:50,28
537,奇面組の冷越豪,きめんぐみのれいえつごうのかお,405,434,2019-11-25 05:05:50,2019-11-25 05:05:50,28
538,兜こうじが初めてマジンガーZに乗ってうまく操縦できずに走るさま,かぶとこうじがはじめてまじんがーぜっとにのってうまくそうじゅうできずにはしるさま,434,467,2019-11-25 05:05:50,2019-11-25 05:05:50,28
539,赤プル,あかぷる,467,513,2019-11-25 05:05:50,2019-11-25 05:05:50,28
540,アニメキン肉マンのCMいくとこ,あにめきんにくまんのしーえむいくとこ,513,539,2019-11-25 05:05:50,2019-11-25 05:05:50,28
541,バードマンのコケ方,ばーどまんのこけかた,539,573,2019-11-25 05:05:50,2019-11-25 05:05:50,28
542,ファミコン スパルタンＸの死ぬとこ,ふぁみこんすぱるたんXのしぬとこ,573,624,2019-11-25 05:05:50,2019-11-25 05:05:50,28
543,ファミコン 魔界村の死ぬとこ,ふぁみこんまかいむらのしぬとこ,624,673,2019-11-25 05:05:50,2019-11-25 05:05:50,28
544,ファミコン 忍者ハットリ君の死ぬとこ,ふぁみこんにんじゃはっとりくんのしぬとこ,673,702,2019-11-25 05:05:50,2019-11-25 05:05:50,28
545,ストリートファイターⅡのケンの死ぬとこ,すとりーとふぁいたー2のけんのしぬとこ,702,743,2019-11-25 05:05:50,2019-11-25 05:05:50,28
546,ファミコン がんばれゴエモンの敵キャラ「御用だ!!」の死ぬとこ,ふぁみこんがんばれごえもんのてききゃらごようだのしぬとこ,743,792,2019-11-25 05:05:50,2019-11-25 05:05:50,28
547,ファミコン スーパーチャイニーズの死ぬとこ,ふぁみこんすーぱーちゃいにーずのしぬとこ,792,815,2019-11-25 05:05:50,2019-11-25 05:05:50,28
548,武藤敬司の札の上げ方,むとうけいじのふだのあげかた,815,885,2019-11-25 05:05:50,2019-11-25 05:05:50,28
549,ホラーの音,ほらーのおと,885,927,2019-11-25 05:05:50,2019-11-25 05:05:50,28
550,相棒のいたみ刑事,あいぼうのいたみけいじ,927,945,2019-11-25 05:05:50,2019-11-25 05:05:50,28
551,オテンキの江波戸,おてんきのえばと,945,978,2019-11-25 05:05:50,2019-11-25 05:05:50,28
552,三遊亭好楽の登場,さんゆうていこうらくのとうじょう,978,992,2019-11-25 05:05:50,2019-11-25 05:05:50,28
553,プロレスラー百田光雄,ぷろれすらーももたみつお,992,1031,2019-11-25 05:05:50,2019-11-25 05:05:50,28
554,やりつくされた田原俊彦のまねをあえてやる,やりつくされたたはらとしひこのまねをあえてやる,1031,1136,2019-11-25 05:05:50,2019-11-25 05:05:50,28
555,スーパーロボット大戦のガイキングキラー将軍,すーぱーろぼっとたいせんのがいきんぐきらーしょうぐん,1136,1194,2019-11-25 05:05:50,2019-11-25 05:05:50,28
556,誇張しすぎたザキヤマ,こちょうしすぎたざきやま,1194,1222,2019-11-25 05:05:50,2019-11-25 05:05:50,28
557,やりつくされた森進一のまねをあえてやる,やりつくされたもりしんいちのまねをあえてやる,1222,1267,2019-11-25 05:05:50,2019-11-25 05:05:50,28
558,布袋寅奉,ほていともやす,1267,1296,2019-11-25 05:05:50,2019-11-25 05:05:50,28
559,キンタロー。,きんたろー。,1296,1334,2019-11-25 05:05:50,2019-11-25 05:05:50,28
560,鹿賀丈史,かがたけし,1334,1356,2019-11-25 05:05:50,2019-11-25 05:05:50,28
561,誇張しすぎたアンガールズ田中,こちょうしすぎたあんがーるずたなか,1356,1392,2019-11-25 05:05:50,2019-11-25 05:05:50,28
562,半沢直樹,はんざわなおき,1392,1425,2019-11-25 05:05:50,2019-11-25 05:05:50,28
563,恥も外聞もなくオリラジのまねをあえてやる,はじもがいぶんもなくおりらじのまねをあえてやる,1425,1469,2019-11-25 05:05:50,2019-11-25 05:05:50,28
564,美輪明宏,みわあきひろ,1469,1484,2019-11-25 05:05:50,2019-11-25 05:05:50,28
565,スーパーファミコンFMWのターザン後藤,すーぱーふぁみこんえふえむだぶりゅーのたーざんごとう,1484,1507,2019-11-25 05:05:50,2019-11-25 05:05:50,28
566,やりつくされた武田鉄也のまねをあえてやる,やりつくされたたけだてつやのまねをあえてやる,1507,1540,2019-11-25 05:05:50,2019-11-25 05:05:50,28
567,ダンディ坂野のファーストインパクト,だんでぃさかののふぁーすといんぱくと,1540,1551,2019-11-25 05:05:50,2019-11-25 05:05:50,28
568,圭修の高校野球の漫才,けいしゅうのこうこうやきゅうのまんざい,1551,1611,2019-11-25 05:05:50,2019-11-25 05:05:50,28
569,誇張しすぎた北島三郎,こちょうしすぎたきたじまさぶろう,1611,1640,2019-11-25 05:05:50,2019-11-25 05:05:50,28
570,織田裕二の名シーン,おだゆうじのめいしーん,1640,1663,2019-11-25 05:05:50,2019-11-25 05:05:50,28
571,鈴木奈々のうざいリアクション,すずきななのうざいりあくしょん,1663,1677,2019-11-25 05:05:50,2019-11-25 05:05:50,28
572,かつぜつのいい越中詩郎,かつぜつのいいこしなかしろう,1677,1687,2019-11-25 05:05:50,2019-11-25 05:05:50,28
573,WWEビッグショーのチョークスラムのアピール,WWEびっぐしょーのちょーくすらむのあぴーる,1687,1710,2019-11-25 05:05:50,2019-11-25 05:05:50,28
574,クイズ ミラクル9の くりーむしちゅー上田,くいずみらくる9のくりーむしちゅーうえだ,1710,1729,2019-11-25 05:05:50,2019-11-25 05:05:50,28
575,エヴァンゲリオンの碇ゲンドウ,えヴぁんげりおんのいかりげんどう,1729,1759,2019-11-25 05:05:50,2019-11-25 05:05:50,28
576,ライブ時の吉川晃司,らいぶじのきっかわこうじ,1759,1780,2019-11-25 05:05:50,2019-11-25 05:05:50,28
577,アラレちゃんのぶた,あられちゃんのぶた,1780,1789,2019-11-25 05:05:50,2019-11-25 05:05:50,28
578,NOFEARのカメラアングル,NOFEARのかめらあんぐる,1789,1822,2019-11-25 05:05:50,2019-11-25 05:05:50,28
579,PS3の起動音,PS3のきどうおん,1822,1843,2019-11-25 05:05:50,2019-11-25 05:05:50,28
580,北斗の拳の悪い奴が出るテーマ,ほくとのけんのわるいやつがでるてーま,1843,1889,2019-11-25 05:05:50,2019-11-25 05:05:50,28
581,とくこ,とくこ,1889,1918,2019-11-25 05:05:50,2019-11-25 05:05:50,28
582,ATARUの中居くん,ATARUのなかいくん,1918,1956,2019-11-25 05:05:50,2019-11-25 05:05:50,28
583,ファミコン アーバンチャンピオンの勝ったところ,ふぁみこんあーばんちゃんぴおんのかったところ,1956,1980,2019-11-25 05:05:50,2019-11-25 05:05:50,28
584,北朝鮮の報道TVのアナウンサー,きたちょうせんのほうどうTVのあなうんさー,1980,1992,2019-11-25 05:05:50,2019-11-25 05:05:50,28
585,織田裕二のまねをする山本高広,おだゆうじのまねをするやまもとたかひろ,1992,2016,2019-11-25 05:05:50,2019-11-25 05:05:50,28
586,やしろ優,やしろゆう,2016,2051,2019-11-25 05:05:50,2019-11-25 05:05:50,28
587,誇張しすぎたクロコーチ(長瀬),こちょうしすぎたくろこーち(ながせ),2051,2093,2019-11-25 05:05:50,2019-11-25 05:05:50,28
588,デヴィ夫人,でヴぃふじん,2093,2108,2019-11-25 05:05:50,2019-11-25 05:05:50,28
589,みかん,みかん,2108,2139,2019-11-25 05:05:50,2019-11-25 05:05:50,28
590,やりつくされた柴田恭平のまねをあえてやる,やりつくされたしばたきょうへいのまねをあえてやる,2139,2198,2019-11-25 05:05:50,2019-11-25 05:05:50,28
591,誇張しすぎた工藤静香,こちょうしすぎたくどうしずか,2198,2226,2019-11-25 05:05:50,2019-11-25 05:05:50,28
592,女子プロレスラーイーグル沢井,じょしぷろれすらーいーぐるさわい,2226,2265,2019-11-25 05:05:50,2019-11-25 05:05:50,28
593,やばいサラリーマン,やばいさらりーまん,2265,2282,2019-11-25 05:05:50,2019-11-25 05:05:50,28
594,小保方さん,おぼかたさん,2282,2319,2019-11-25 05:05:50,2019-11-25 05:05:50,28
595,ロビンマスクのキン肉マンの呼び方,ろびんますくのきんにくまんのよびかた,2319,2357,2019-11-25 05:05:50,2019-11-25 05:05:50,28
596,チョップを耐える阿修羅原,ちょっぷをたえるあしゅらはら,2357,2380,2019-11-25 05:05:50,2019-11-25 05:05:50,28
597,誇張しすぎた木村拓哉,こちょうしすぎたきむらたくや,2380,2413,2019-11-25 05:05:50,2019-11-25 05:05:50,28
598,ファミコン ゲゲゲの鬼太郎の死ぬところ,ふぁみこんげげげのきたろうのしぬところ,2413,2433,2019-11-25 05:05:50,2019-11-25 05:05:50,28
599,ファミコン ミシシッピー殺人事件の死ぬところ,ふぁみこんみししっぴーさつじんじけんのしぬところ,2433,2459,2019-11-25 05:05:50,2019-11-25 05:05:50,28
600,アントニオ猪木,あんとにおいのき,2459,2479,2019-11-25 05:05:50,2019-11-25 05:05:50,28
601,かむくらの店員,かむくらのてんいん,2479,2490,2019-11-25 05:05:50,2019-11-25 05:05:50,28
602,やりつくされた大和田常務のまねをあえてやる,やりつくされたおおわだじょうむのまねをあえてやる,2490,2519,2019-11-25 05:05:50,2019-11-25 05:05:50,28
603,大和田常務のキレて電話切るところ,おおわだじょうむのきれてでんわきるところ,2519,2536,2019-11-25 05:05:50,2019-11-25 05:05:50,28
604,ボコられる直前の橋本真也,ぼこられるちょくぜんのはしもとしんや,2536,2590,2019-11-25 05:05:50,2019-11-25 05:05:50,28
605,やりつくされた長渕剛のまねをあえてやる,やりつくされたながぶちつよしのまねをあえてやる,2590,2622,2019-11-25 05:05:50,2019-11-25 05:05:50,28
606,サンチェの投げ方,さんちぇのなげかた,2622,2645,2019-11-25 05:05:50,2019-11-25 05:05:50,28
607,ASKA,ASKA,2645,2670,2019-11-25 05:05:50,2019-11-25 05:05:50,28
608,とろサーモン久保田,とろさーもんくぼた,2670,2679,2019-11-25 05:05:50,2019-11-25 05:05:50,28
609,赤プル(旦那Ver.),あかぷる(だんなVer.),2679,2702,2019-11-25 05:05:50,2019-11-25 05:05:50,28
610,ファイナルアンサーからのみのもんたのため,ふぁいなるあんさーからのみのもんたのため,2702,2733,2019-11-25 05:05:50,2019-11-25 05:05:50,28
611,誇張しすぎた野々村議員,こちょうしすぎたののむらぎいん,2733,2806,2019-11-25 05:05:50,2019-11-25 05:05:50,28
612,河村隆一,かわむらりゅういち,2806,2840,2019-11-25 05:05:50,2019-11-25 05:05:50,28
613,チャラのCM,ちゃらのしーえむ,2840,2851,2019-11-25 05:05:50,2019-11-25 05:05:50,28
614,がんばれゴエモンの店の店員,がんばれごえもんのみせのてんいん,2851,2866,2019-11-25 05:05:50,2019-11-25 05:05:50,28
615,ファミコン アイスクライマーのGAMEOVERの音,ふぁみこんあいすくらいまーのゲームオーバーのおと,2866,2878,2019-11-25 05:05:50,2019-11-25 05:05:50,28
616,アニメ怪物くんのタイトルのところ,あにめかいぶつくんのたいとるのところ,2878,2895,2019-11-25 05:05:50,2019-11-25 05:05:50,28
617,やりつくされた武田鉄矢のまねをあえてやる2,やりつくされたたけだてつやのまねをあえてやる2,2895,2939,2019-11-25 05:05:50,2019-11-25 05:05:50,28
618,ロングブレスダイエットの三木良助,ろんぐぶれすだいえっとのみきよすけ,2939,2964,2019-11-25 05:05:50,2019-11-25 05:05:50,28
619,あぁもうでてこんでいいよっていうババアのまね,あぁもうでてこんでいいよっていうばばあのまね,2964,2992,2019-11-25 05:05:50,2019-11-25 05:05:50,28
620,FUNKYMONKEYBABYSのDJケミカルのライブパフォーマンス,FUNKYMONKEYBABYSのDJけみかるのらいぶぱふぉーまんす,2992,3014,2019-11-25 05:05:50,2019-11-25 05:05:50,28
621,志村けん,しむらけん,3014,3033,2019-11-25 05:05:50,2019-11-25 05:05:50,28
622,ハマカーン,はまかーん,3033,3056,2019-11-25 05:05:50,2019-11-25 05:05:50,28
623,研ナオコ,けんなおこ,3056,3072,2019-11-25 05:05:50,2019-11-25 05:05:50,28
624,今でしょのスーパー誇張,いまでしょのすーぱーこちょう,3072,3091,2019-11-25 05:05:50,2019-11-25 05:05:50,28
625,孤独のグルメ井ノ頭五郎,こどくのぐるめのいのかしらごろう,3091,3107,2019-11-25 05:05:50,2019-11-25 05:05:50,28
626,BE-BOPテル,BE-BOPてる,3255,3370,2019-11-25 05:05:50,2019-11-25 05:05:50,28
627,かんじんな所で噛むディック東郷,かんじんなところでかむでぃっくとうごう,3370,3446,2019-11-25 05:05:50,2019-11-25 05:05:50,28
628,BE-BOP戸塚のチンピラ,BE-BOPとつかのちんぴら,3446,3531,2019-11-25 05:05:50,2019-11-25 05:05:50,28
629,かつぜつの悪い冬木弘道,かつぜつのわるいふゆきひろみち,3531,3587,2019-11-25 05:05:50,2019-11-25 05:05:50,28
630,BE-BOP立花の伊藤,BE-BOPたちばなのいとう,3587,3683,2019-11-25 05:05:50,2019-11-25 05:05:50,28
631,ファミコン BE-BOPの歩き方,ふぁみこんBE-BOPのあるきかた,3683,3739,2019-11-25 05:05:50,2019-11-25 05:05:50,28
632,BE-BOP赤城山忠治,BE-BOPあかぎやまただはる,3739,3803,2019-11-25 05:05:50,2019-11-25 05:05:50,28
633,リアップのCMの水谷豊,りあっぷのしーえむのみずたにゆたか,3803,3829,2019-11-25 05:05:50,2019-11-25 05:05:50,28
634,東京ダイナマイト松田,とうきょうだいなまいとまつだ,3829,3904,2019-11-25 05:05:50,2019-11-25 05:05:50,28
635,オー●の村井さん,おー●のむらいさん,3904,3930,2019-11-25 05:05:50,2019-11-25 05:05:50,28
636,ウエストランド井口の雰囲気,うえすとらんどいぐちのふんいき,3930,4002,2019-11-25 05:05:50,2019-11-25 05:05:50,28
637,麻雀放浪記のマネをしているショウショウ(高品格),まーじゃんほうろうきのまねをしているしょうしょう(たかしなかく),4002,4061,2019-11-25 05:05:50,2019-11-25 05:05:50,28
638,グレート・サスケ,ぐれーとさすけ,4061,4156,2019-11-25 05:05:50,2019-11-25 05:05:50,28
639,古畑にも相棒にも出てるがキャラが同じな津川雅彦,ふるはたにもあいぼうにもでてるがきゃらがおなじなつがわまさひこ,4156,4223,2019-11-25 05:05:50,2019-11-25 05:05:50,28
640,大槻衣装さん,おおつきいしょうさん,4223,4292,2019-11-25 05:05:50,2019-11-25 05:05:50,28
641,誇張しすぎた五木ひろし,こちょうしすぎたいつきひろし,4292,4368,2019-11-25 05:05:50,2019-11-25 05:05:50,28
642,相棒ブチギレる杉下右京,あいぼうぶちぎれるすぎしたうきょう,4368,4449,2019-11-25 05:05:50,2019-11-25 05:05:50,28
643,誇張しすぎた夙川アトム,こちょうしすぎたしゅくかわあとむ,4449,4506,2019-11-25 05:05:50,2019-11-25 05:05:50,28
644,ジャッキーチェンの歌,じゃっきーちぇんのうた,4506,4539,2019-11-25 05:05:50,2019-11-25 05:05:50,28
645,昔のなだぎ武,むかしのなだぎたけし,4539,4716,2019-11-25 05:05:50,2019-11-25 05:05:50,28
646,ジャッキーチェン日本語吹き替えVer.石丸博也,じゃっきーちぇーんのにほんごふきかえばーじょんのいしまるひろやのこえ,189,226,2019-11-25 05:05:50,2019-11-25 05:05:50,29
647,パーマンのバードマンのこけ方,ぱーまんのばーどまんのこけかた,226,258,2019-11-25 05:05:50,2019-11-25 05:05:50,29
648,奇面組の冷越豪,きめんぐみのれいえつごうのかお,258,283,2019-11-25 05:05:50,2019-11-25 05:05:50,29
649,やしろ優,やしろゆう,178,223,2019-11-25 05:05:50,2019-11-25 05:05:50,30
650,誇張しすぎたアンガールズ田中,こちょうしすぎたあんがーるずたなか,223,265,2019-11-25 05:05:50,2019-11-25 05:05:50,30
651,クイズ ミラクル9の くりーむしちゅー上田,くいずみらくる9のくりーむしちゅーうえだ,265,300,2019-11-25 05:05:50,2019-11-25 05:05:50,30
652,アントニオ猪木,あんとにおいのき,300,337,2019-11-25 05:05:50,2019-11-25 05:05:50,30
653,アメリカかぶれの佐々木健介,あめりかかぶれのささきけんすけ,337,376,2019-11-25 05:05:50,2019-11-25 05:05:50,30
654,やりつくされた長渕剛のまねをあえてやる,やりつくされたながぶちつよしのまねをあえてやる,376,412,2019-11-25 05:05:50,2019-11-25 05:05:50,30
655,河村隆一,かわむらりゅういち,412,433,2019-11-25 05:05:50,2019-11-25 05:05:50,30
656,誇張しすぎた木村拓哉,こちょうしすぎたきむらたくや,433,462,2019-11-25 05:05:50,2019-11-25 05:05:50,30
657,今でしょのスーパー誇張,いまでしょのすーぱーこちょう,462,492,2019-11-25 05:05:50,2019-11-25 05:05:50,30
658,やしろ優,やしろゆう,18,59,2019-11-25 05:05:50,2019-11-25 05:05:50,31
659,赤プル,あかぷる,59,99,2019-11-25 05:05:50,2019-11-25 05:05:50,31
660,誇張しすぎたアンガールズ田中,こちょうしすぎたあんがーるずたなか,99,126,2019-11-25 05:05:50,2019-11-25 05:05:50,31
661,デヴィ夫人,でヴぃふじん,126,158,2019-11-25 05:05:50,2019-11-25 05:05:50,31
662,やりつくされた長渕剛のまねをあえてやる,やりつくされたながぶちつよしのまねをあえてやる,158,192,2019-11-25 05:05:50,2019-11-25 05:05:50,31
663,あぁもう出てこんでいいよって思わせるばばあのまね,あぁもうでてこんでいいよっておもわせるばばあのまね,192,222,2019-11-25 05:05:50,2019-11-25 05:05:50,31
664,ファイナルアンサーからのみのもんたのため,ふぁいなるあんさーからのみのもんたのため,222,249,2019-11-25 05:05:50,2019-11-25 05:05:50,31
665,XXXな吉川晃司,XXXなきっかわこうじ,249,274,2019-11-25 05:05:50,2019-11-25 05:05:50,31
666,誇張しすぎた木村拓哉,こちょうしすぎたきむらたくや,274,305,2019-11-25 05:05:50,2019-11-25 05:05:50,31
667,今でしょのスーパー誇張,いまでしょのすーぱーこちょう,305,336,2019-11-25 05:05:50,2019-11-25 05:05:50,31
668,誇張しすぎた野々村議員,こちょうしすぎたののむらぎいん,336,373,2019-11-25 05:05:50,2019-11-25 05:05:50,31
669,赤プル,あかぷる,38,87,2019-11-25 05:05:50,2019-11-25 05:05:50,32
670,やりつくされた近藤真彦のまねをあえてやる,やりつくされたこんどうまさひこのまねをあえてやる,87,125,2019-11-25 05:05:50,2019-11-25 05:05:50,32
671,恥も外聞もなく8.6秒バズーカのまねをあえてやる,はじもがいぶんもなく8.6びょうばずーかのまねをあえてやる,125,161,2019-11-25 05:05:50,2019-11-25 05:05:50,32
672,長澤まさみのまねをしている福田彩乃,ながさわまさみのまねをしているふくだあやの,161,188,2019-11-25 05:05:50,2019-11-25 05:05:50,32
673,爆笑問題太田さんの登場シーン,ばくしょうもんだいおおたさんのとうじょうしーん,188,214,2019-11-25 05:05:50,2019-11-25 05:05:50,32
674,やばいサラリーマン,やばいさらりーまん,214,238,2019-11-25 05:05:50,2019-11-25 05:05:50,32
675,授業中にいねむりしてる生徒を注意する先生,じゅぎょうちゅうにいねむりしてるせいとをちゅういするせんせい,238,267,2019-11-25 05:05:50,2019-11-25 05:05:50,32
676,九官鳥がむりやりおぼえさせられた桃太郎,きゅうかんちょうがむりやりおぼえさせられたももたろう,267,300,2019-11-25 05:05:50,2019-11-25 05:05:50,32
677,まんが日本昔ばなし,まんがにほんむかしばなし,300,334,2019-11-25 05:05:50,2019-11-25 05:05:50,32
678,誇張しすぎたジャパネットたかた,こちょうしすぎたじゃぱねっとたかた,334,369,2019-11-25 05:05:50,2019-11-25 05:05:50,32
679,ホラーの音,ほらーのおと,369,384,2019-11-25 05:05:50,2019-11-25 05:05:50,32
680,セガサターンの起動音を顔で表現,せがさたーんのきどうおんをかおでひょうげん,5,23,2019-11-25 05:05:50,2019-11-25 05:05:50,33
681,アニメキン肉マンのCMいくとこ,あにめきんにくまんのしーえむいくとこ,23,38,2019-11-25 05:05:50,2019-11-25 05:05:50,33
682,ファミコン スパルタンXの死ぬとこ,ふぁみこんすぱるたんXのしぬとこ,38,67,2019-11-25 05:05:50,2019-11-25 05:05:50,33
683,ファミコン 魔界村の死ぬところ,ふぁみこんまかいむらのしぬところ,67,90,2019-11-25 05:05:50,2019-11-25 05:05:50,33
684,赤いプルトニウム,あかいぷるとにうむ,90,120,2019-11-25 05:05:50,2019-11-25 05:05:50,33
685,不機嫌なトミーズ雅,ふきげんなとみーずまさ,120,144,2019-11-25 05:05:50,2019-11-25 05:05:50,33
686,ライガーボム,らいがーぼむ,144,156,2019-11-25 05:05:50,2019-11-25 05:05:50,33
687,赤いプルトニウム,あかいぷるとにうむ,166,209,2019-11-25 05:05:50,2019-11-25 05:05:50,34
688,バードマンのコケ方,ばーどまんのこけかた,209,235,2019-11-25 05:05:50,2019-11-25 05:05:50,34
689,JINの坂本龍馬,JINのさかもとりょうま,235,267,2019-11-25 05:05:50,2019-11-25 05:05:50,34
690,かんじんな所で噛むディック東郷,かんじんなところでかむでぃっくとうごう,267,301,2019-11-25 05:05:50,2019-11-25 05:05:50,34
691,文珍師匠のいばりすぎな歩き方,ぶんちんししょうのいばりすぎなあるきかた,301,323,2019-11-25 05:05:50,2019-11-25 05:05:50,34
692,布袋寅泰,ほていともやす,323,339,2019-11-25 05:05:50,2019-11-25 05:05:50,34
693,ライガーボム,らいがーぼむ,339,347,2019-11-25 05:05:50,2019-11-25 05:05:50,34
694,ジャッキーチェン日本語吹き替えVer.石丸博也,じゃっきーちぇーんのにほんごふきかえばーじょんのいしまるひろやのこえ,96,147,2019-11-25 05:05:50,2019-11-25 05:05:50,35
695,奇面組の冷越豪,きめんぐみのれいえつごうのかお,147,166,2019-11-25 05:05:50,2019-11-25 05:05:50,35
696,セガサターンの起動音を顔で表現,せがさたーんのきどうおんをかおでひょうげん,166,205,2019-11-25 05:05:50,2019-11-25 05:05:50,35
697,バービーボーイズ√5のアルバムのコンタの立ち方,ばーびーぼーいずるーと5のあるばむのこんたのたちかた,205,229,2019-11-25 05:05:50,2019-11-25 05:05:50,35
698,バービーボーイズ√5のアルバムのいまさの顔,ばーびーぼーいずるーと5のあるばむのいまさのかお,229,283,2019-11-25 05:05:50,2019-11-25 05:05:50,35
699,ライガーボム,らいがーぼむ,283,326,2019-11-25 05:05:50,2019-11-25 05:05:50,35
700,BIOHAZARD4の狂った村人,BIOHAZARD4のくるったむらびと,326,368,2019-11-25 05:05:50,2019-11-25 05:05:50,35
701,ファミコン スパルタンXの死ぬとこ,ふぁみこんすぱるたんXのしぬとこ,368,406,2019-11-25 05:05:50,2019-11-25 05:05:50,35
702,ファミコン 魔界村の死ぬところ,ふぁみこんまかいむらのしぬところ,406,433,2019-11-25 05:05:50,2019-11-25 05:05:50,35
703,ファミコン がんばれゴエモンの敵キャラ「御用だ!!」の死ぬとこ,ふぁみこんがんばれごえもんのてききゃらごようだのしぬとこ,433,473,2019-11-25 05:05:50,2019-11-25 05:05:50,35
704,アニメキン肉マンのCMいくとこ,あにめきんにくまんのしーえむいくとこ,473,491,2019-11-25 05:05:50,2019-11-25 05:05:50,35
705,アニマル浜口,あにまるはまぐち,491,527,2019-11-25 05:05:50,2019-11-25 05:05:50,35
706,第4次ロボット大戦のCM,だい4じろぼっとたいせんのしーえむ,527,549,2019-11-25 05:05:50,2019-11-25 05:05:50,35
707,ストⅡエドモンド本多の近いスーパー頭突き,すと2えどもんどほんだのちかいすーぱーずつき,549,567,2019-11-25 05:05:50,2019-11-25 05:05:50,35
708,M1のカウス師匠,M1のかうすししょう,567,642,2019-11-25 05:05:50,2019-11-25 05:05:50,35
709,ジャンボ鶴田のアピール,じゃんぼつるたのあぴーる,642,660,2019-11-25 05:05:50,2019-11-25 05:05:50,35
710,ファミコン バルーン5のタイトル面,ふぁみこんばるーん5のたいとるめん,660,678,2019-11-25 05:05:50,2019-11-25 05:05:50,35
711,井上淳がぼけすぎた時の酒井正明,いのうえじゅんがぼけすぎたときのさかいまさあき,678,700,2019-11-25 05:05:50,2019-11-25 05:05:50,35
712,松村邦洋,まつむらくにひろ,700,723,2019-11-25 05:05:50,2019-11-25 05:05:50,35
713,三沢光秀,みさわみつひで,723,744,2019-11-25 05:05:50,2019-11-25 05:05:50,35
714,恥も外聞もなくオリラジのまねをあえてやる,はじもがいぶんもなくおりらじのまねをあえてやる,220,275,2019-11-25 05:05:50,2019-11-25 05:05:50,36
715,誇張しすぎたアンガールズ田中,こちょうしすぎたあんがーるずたなか,275,311,2019-11-25 05:05:50,2019-11-25 05:05:50,36
716,砂漠の太陽のまね,さばくのたいようのまね,311,337,2019-11-25 05:05:50,2019-11-25 05:05:50,36
717,恥も外聞もなく楽しんごのまねをあえてやる,はじもがいぶんもなくたのしんごのまねをあえてやる,337,367,2019-11-25 05:05:50,2019-11-25 05:05:50,36
718,昔話をむりやりおぼえさせられた九官鳥,むかしばなしをむりやりおぼえさせられたきゅうかんちょう,367,396,2019-11-25 05:05:50,2019-11-25 05:05:50,36
719,キンタロー。,きんたろー。,37,83,2019-11-25 05:05:50,2019-11-25 05:05:50,37
720,やりつくされた近藤真彦のまねをあえてやる,やりつくされたこんどうまさひこのまねをあえてやる,83,113,2019-11-25 05:05:50,2019-11-25 05:05:50,37
721,誇張しすぎたザキヤマ,こちょうしすぎたざきやま,113,137,2019-11-25 05:05:50,2019-11-25 05:05:50,37
722,誇張しすぎた木村拓哉,こちょうしすぎたきむらたくや,137,167,2019-11-25 05:05:50,2019-11-25 05:05:50,37
723,誇張しすぎた野々村議員,こちょうしすぎたののむらぎいん,167,198,2019-11-25 05:05:50,2019-11-25 05:05:50,37
724,やりつくされた長渕剛のまねをあえてやる,やりつくされたながぶちつよしのまねをあえてやる,198,230,2019-11-25 05:05:50,2019-11-25 05:05:50,37
725,九官鳥がむりやりおぼえさせられた桃太郎,きゅうかんちょうがむりやりおぼえさせられたももたろう,230,257,2019-11-25 05:05:50,2019-11-25 05:05:50,37
726,やばいサラリーマン,やばいさらりーまん,257,273,2019-11-25 05:05:50,2019-11-25 05:05:50,37
727,キンタロー。,きんたろー。,26,74,2019-11-25 05:05:50,2019-11-25 05:05:50,38
728,やりつくされた森進一のまねをあえてやる,やりつくされたもりしんいちのまねをあえてやる,74,111,2019-11-25 05:05:50,2019-11-25 05:05:50,38
729,誇張しすぎたザキヤマ,こちょうしすぎたざきやま,111,137,2019-11-25 05:05:50,2019-11-25 05:05:50,38
730,誇張しすぎた木村拓哉,こちょうしすぎたきむらたくや,137,171,2019-11-25 05:05:50,2019-11-25 05:05:50,38
731,今でしょのスーパー誇張,いまでしょのすーぱーこちょう,171,214,2019-11-25 05:05:50,2019-11-25 05:05:50,38
732,ウィッシュのスーパー誇張,うぃっしゅのすーぱーこちょう,214,247,2019-11-25 05:05:50,2019-11-25 05:05:50,38
733,やりつくされた長渕剛のまねをあえてやる,やりつくされたながぶちつよしのまねをあえてやる,247,286,2019-11-25 05:05:50,2019-11-25 05:05:50,38
734,誇張しすぎた野々村議員,こちょうしすぎたののむらぎいん,286,318,2019-11-25 05:05:50,2019-11-25 05:05:50,38
735,まんが日本昔ばなし,まんがにほんむかしばなし,318,358,2019-11-25 05:05:50,2019-11-25 05:05:50,38
736,やばいサラリーマン,やばいさらりーまん,358,373,2019-11-25 05:05:50,2019-11-25 05:05:50,38
737,やりつくされた千昌夫のまねをあえてやる,やりつくされたせんまさおのまねをあえてやる,132,180,2019-11-25 05:05:50,2019-11-25 05:05:50,39
738,誇張しすぎたパッション屋良,こちょうしすぎたぱっしょんやら,180,207,2019-11-25 05:05:50,2019-11-25 05:05:50,39
739,誇張しすぎた麒麟の川島,こちょうしすぎたきりんのかわしま,207,263,2019-11-25 05:05:50,2019-11-25 05:05:50,39
740,誇張しすぎた長嶋監督,こちょうしすぎたながしまかんとく,263,299,2019-11-25 05:05:50,2019-11-25 05:05:50,39
741,松村邦洋がやる最近のたけしさん,まつむらくにひろがやるさいきんのたけしさん,299,331,2019-11-25 05:05:50,2019-11-25 05:05:50,39
742,やりつくされた田村俊彦のまねをあえてやる,やりつくされたたむらとしひこのまねをあえてやる,331,380,2019-11-25 05:05:50,2019-11-25 05:05:50,39
743,ファミコン スパルタンXの死ぬとこ,ふぁみこんすぱるたんXのしぬとこ,380,411,2019-11-25 05:05:50,2019-11-25 05:05:50,39
744,キンタロー。,きんたろー。,183,224,2019-11-25 05:05:50,2019-11-25 05:05:50,40
745,やりつくされたアンガールズ田中,やりつくされたあんがーるずたなか,224,257,2019-11-25 05:05:50,2019-11-25 05:05:50,40
746,やりつくされた近藤真彦のまねをあえてやる,やりつくされたこんどうまさひこのまねをあえてやる,257,293,2019-11-25 05:05:50,2019-11-25 05:05:50,40
747,誇張しすぎた今でしょ,こちょうしすぎたいまでしょ,293,325,2019-11-25 05:05:50,2019-11-25 05:05:50,40
748,誇張しすぎたウィッシュ!,こちょうしすぎたうぃっしゅ!,325,356,2019-11-25 05:05:50,2019-11-25 05:05:50,40
749,長澤まさみのまねをしている福田彩乃,ながさわまさみのまねをしているふくだあやの,356,388,2019-11-25 05:05:50,2019-11-25 05:05:50,40
750,織田裕二の名シーン,おだゆうじのめいしーん,388,420,2019-11-25 05:05:50,2019-11-25 05:05:50,40
751,遠野なぎこの顔,とおのなぎこのかお,420,438,2019-11-25 05:05:50,2019-11-25 05:05:50,40
752,誇張しすぎた野々村議員,こちょうしすぎたののむらぎいん,438,476,2019-11-25 05:05:50,2019-11-25 05:05:50,40
753,やばいサラリーマン,やばいさらりーまん,476,488,2019-11-25 05:05:50,2019-11-25 05:05:50,40
754,誇張しすぎたPPAP,こちょうしすぎたPPAP,60,91,2019-11-25 05:05:50,2019-11-25 05:05:50,41
755,ヒロシ,ひろし,91,149,2019-11-25 05:05:50,2019-11-25 05:05:50,41
756,タイガーステップ,たいがーすてっぷ,149,193,2019-11-25 05:05:50,2019-11-25 05:05:50,41
757,松村邦洋がやる最近のたけしさん,まつむらくにひろがやるさいきんのたけしさん,193,240,2019-11-25 05:05:50,2019-11-25 05:05:50,41
758,誇張しすぎたパッション屋良,こちょうしすぎたぱっしょんやら,240,263,2019-11-25 05:05:50,2019-11-25 05:05:50,41
759,誇張しすぎた麒麟の川島,こちょうしすぎたきりんのかわしま,263,302,2019-11-25 05:05:50,2019-11-25 05:05:50,41
760,誇張しすぎた長嶋監督,こちょうしすぎたながしまかんとく,302,322,2019-11-25 05:05:50,2019-11-25 05:05:50,41
761,R藤本のベジータ,Rふじもとのべじーた,156,193,2019-11-25 05:05:50,2019-11-25 05:05:50,42
762,ヒロシ,ひろし,193,233,2019-11-25 05:05:51,2019-11-25 05:05:51,42
763,誇張しすぎたオリラジのパーフェクトヒューマン,こちょうしすぎたおりらじのぱーふぇくとひゅーまん,233,290,2019-11-25 05:05:51,2019-11-25 05:05:51,42
764,誇張しすぎた永野,こちょうしすぎたながの,290,350,2019-11-25 05:05:51,2019-11-25 05:05:51,42
765,松村邦洋がやる最近のたけしさん,まつむらくにひろがやるさいきんのたけしさん,350,384,2019-11-25 05:05:51,2019-11-25 05:05:51,42
766,誇張しすぎたパッション屋良,こちょうしすぎたぱっしょんやら,384,404,2019-11-25 05:05:51,2019-11-25 05:05:51,42
767,日本エレキテル連合の細貝さん,にほんえれきてるれんごうのほそがいさん,404,444,2019-11-25 05:05:51,2019-11-25 05:05:51,42
768,やしろ優,やしろゆう,13,42,2019-11-25 05:05:51,2019-11-25 05:05:51,43
769,誇張しすぎた今でしょ,こちょうしすぎたいまでしょ,42,67,2019-11-25 05:05:51,2019-11-25 05:05:51,43
770,誇張しすぎたジャパネットたかた,こちょうしすぎたじゃぱねっとたかた,67,95,2019-11-25 05:05:51,2019-11-25 05:05:51,43
771,授業中にいねむりしてる生徒を注意する先生,じゅぎょうちゅうにいねむりしてるせいとをちゅういするせんせい,95,114,2019-11-25 05:05:51,2019-11-25 05:05:51,43
772,松村邦洋がやる最近のたけしさん,まつむらくにひろがやるさいきんのたけしさん,114,138,2019-11-25 05:05:51,2019-11-25 05:05:51,43
773,むりやり昔話をおぼえさせられた九官鳥,むりやりむかしばなしをおぼえさせられたきゅうかんちょう,138,162,2019-11-25 05:05:51,2019-11-25 05:05:51,43
774,ヒロシ,ひろし,121,160,2019-11-25 05:05:51,2019-11-25 05:05:51,44
775,やりつくされた千昌夫のまねをあえてやる,やりつくされたせんまさおのまねをあえてやる,160,206,2019-11-25 05:05:51,2019-11-25 05:05:51,44
776,タイガーステップ,たいがーすてっぷ,206,249,2019-11-25 05:05:51,2019-11-25 05:05:51,44
777,ベッキー,べっきー,249,284,2019-11-25 05:05:51,2019-11-25 05:05:51,44
778,誇張しすぎた麒麟の川島,こちょうしすぎたきりんのかわしま,284,332,2019-11-25 05:05:51,2019-11-25 05:05:51,44
779,誇張しすぎたパッション屋良,こちょうしすぎたぱっしょんやら,332,350,2019-11-25 05:05:51,2019-11-25 05:05:51,44
780,五木ひろしの種,いつきひろしのたね,350,374,2019-11-25 05:05:51,2019-11-25 05:05:51,44
781,小保方さん,おぼかたさん,374,404,2019-11-25 05:05:51,2019-11-25 05:05:51,44
782,ASKA,ASKA,404,417,2019-11-25 05:05:51,2019-11-25 05:05:51,44
783,とくこ,とくこ,137,185,2019-11-25 05:05:51,2019-11-25 05:05:51,45
784,プリズンブレイクのマイケル・スコフィールド,ぷりずんぶれいくのまいけるすこふぃーるど,185,229,2019-11-25 05:05:51,2019-11-25 05:05:51,45
785,笑点の時の三遊亭好楽のキモイ登場,しょうてんのときのさんゆうていこうらくのきもいとうじょう,229,261,2019-11-25 05:05:51,2019-11-25 05:05:51,45
786,リーガル・ハイの小美門弁護士の顔,りーがるはいのこみかどべんごしのかお,261,300,2019-11-25 05:05:51,2019-11-25 05:05:51,45
787,ATARUのチョコザイくん,ATARUのちょこざいくん,300,356,2019-11-25 05:05:51,2019-11-25 05:05:51,45
788,プリズンブレイクシーズン3のベリックの歩き方,ぷりずんぶれいくしーずん3のべりっくのあるきかた,356,434,2019-11-25 05:05:51,2019-11-25 05:05:51,45
789,プリズンブレイクシーズンTバック,ぷりずんぶれいくしーずんTばっく,434,465,2019-11-25 05:05:51,2019-11-25 05:05:51,45
790,声優三ツ矢雄二,せいゆうみつやゆうじ,465,509,2019-11-25 05:05:51,2019-11-25 05:05:51,45
791,天山広告,てんざんこうこく,509,593,2019-11-25 05:05:51,2019-11-25 05:05:51,45
792,元全日本プロレスの百田光雄,もとぜんにほんぷろれすのももたみつお,593,638,2019-11-25 05:05:51,2019-11-25 05:05:51,45
793,ダウンタウン松本さんの笑うの我慢してる顔,だうんたうんまつもとさんのわらうのがまんしてるかお,638,669,2019-11-25 05:05:51,2019-11-25 05:05:51,45
794,赤プル,あかぷる,251,290,2019-11-25 05:05:51,2019-11-25 05:05:51,46
795,ファミコン スパルタンXの死ぬとこ,ふぁみこんすぱるたんXのしぬとこ,290,330,2019-11-25 05:05:51,2019-11-25 05:05:51,46
796,ファミコン 魔界村の死ぬところ,ふぁみこんまかいむらのしぬところ,330,361,2019-11-25 05:05:51,2019-11-25 05:05:51,46
797,タイガーステップ,たいがーすてっぷ,361,426,2019-11-25 05:05:51,2019-11-25 05:05:51,46
798,恥も外聞もなくオリラジのまねをあえてやる,はじもがいぶんもなくおりらじのまねをあえてやる,426,506,2019-11-25 05:05:51,2019-11-25 05:05:51,46
799,誇張しすぎたアンガールズ田中,こちょうしすぎたあんがーるずたなか,506,524,2019-11-25 05:05:51,2019-11-25 05:05:51,46
800,あぁもうでてこんでいいよっていうババアのまね,あぁもうでてこんでいいよっていうばばあのまね,524,551,2019-11-25 05:05:51,2019-11-25 05:05:51,46
801,誇張しすぎた五郎丸,こちょうしすぎたごろうまる,551,567,2019-11-25 05:05:51,2019-11-25 05:05:51,46
802,キンタロー。,きんたろー。,31,60,2019-11-25 05:05:51,2019-11-25 05:05:51,47
803,恥も外聞もなくオリラジのまねをあえてやる,はじもがいぶんもなくおりらじのまねをあえてやる,60,84,2019-11-25 05:05:51,2019-11-25 05:05:51,47
804,やりつくされた森進一のまねをあえてやる,やりつくされたもりしんいちのまねをあえてやる,84,113,2019-11-25 05:05:51,2019-11-25 05:05:51,47
805,やりつくされた武田鉄也のまねをあえてやる,やりつくされたたけだてつやのまねをあえてやる,113,143,2019-11-25 05:05:51,2019-11-25 05:05:51,47
806,誇張しすぎたザキヤマ,こちょうしすぎたざきやま,143,164,2019-11-25 05:05:51,2019-11-25 05:05:51,47
807,誇張しすぎた古畑任三郎,こちょうしすぎたふるはたにんざぶろう,164,183,2019-11-25 05:05:51,2019-11-25 05:05:51,47
808,ホラーの音,ほらーのおと,183,196,2019-11-25 05:05:51,2019-11-25 05:05:51,47
809,長澤まさみのまねをしている福田彩乃,ながさわまさみのまねをしているふくだあやの,12,37,2019-11-25 05:05:51,2019-11-25 05:05:51,48
810,タイガーステップ,たいがーすてっぷ,37,71,2019-11-25 05:05:51,2019-11-25 05:05:51,48
811,松村邦洋がやる最近のたけしさん,まつむらくにひろがやるさいきんのたけしさん,71,95,2019-11-25 05:05:51,2019-11-25 05:05:51,48
812,料理の鉄人のかがたけし,りょうりのてつじんのかがたけし,95,117,2019-11-25 05:05:51,2019-11-25 05:05:51,48
813,誇張しすぎた高田信弘,こちょうしすぎたたかだのぶひろ,117,133,2019-11-25 05:05:51,2019-11-25 05:05:51,48
814,五木ひろしの種,いつきひろしのたね,133,147,2019-11-25 05:05:51,2019-11-25 05:05:51,48
815,楽屋の世界の梅沢,がくやのせかいのうめざわ,7,39,2019-11-25 05:05:51,2019-11-25 05:05:51,49
816,飯塚高史とテレ朝野上アナのからみ,いいづかたかしとてれあさのがみあなのからみ,39,89,2019-11-25 05:05:51,2019-11-25 05:05:51,49
817,スーパーロボット大戦の敵キャラのキラー将軍,すーぱーろぼっとたいせんのてききゃらのきらーしょうぐん,89,144,2019-11-25 05:05:51,2019-11-25 05:05:51,49
818,WWEジョン・シナ,WWEじょんしな,144,175,2019-11-25 05:05:51,2019-11-25 05:05:51,49
819,27時間TVの時のタモリ,27じかんてれびのときのたもり,175,220,2019-11-25 05:05:51,2019-11-25 05:05:51,49
820,あしたのジョー力石の死ぬところ,あしたのじょーりきいしのしぬところ,220,236,2019-11-25 05:05:51,2019-11-25 05:05:51,49
821,タイガージェット・シン,たいがーじぇっとしん,236,257,2019-11-25 05:05:51,2019-11-25 05:05:51,49
822,カミーユに殴られた時のククトロ・バジーナ(シャア),かみーゆになぐられたときのくくとろばじーな(しゃあ),257,299,2019-11-25 05:05:51,2019-11-25 05:05:51,49
823,武藤のフェイス・クラッシャー,むとうのふぇいすくらっしゃー,299,335,2019-11-25 05:05:51,2019-11-25 05:05:51,49
824,あぶない刑事舘ひろしの走り方,あぶないでかたちひろしのはしりかた,335,351,2019-11-25 05:05:51,2019-11-25 05:05:51,49
825,やりつくされた森進一のまねをあえてやる,やりつくされたもりしんいちのまねをあえてやる,351,402,2019-11-25 05:05:51,2019-11-25 05:05:51,49
826,ライブでモニカを歌うときの吉川晃司,らいぶでもにかをうたうときのきっかわこうじ,402,432,2019-11-25 05:05:51,2019-11-25 05:05:51,49
827,ドイツ語でザブングル加藤のまねをする春香クリスティーン,どいつごでざぶんぐるかとうのまねをするはるかくりすてぃーん,432,463,2019-11-25 05:05:51,2019-11-25 05:05:51,49
828,織田裕二のものまねをする山本高広,おだゆうじのものまねをするやまもとたかひろ,463,478,2019-11-25 05:05:51,2019-11-25 05:05:51,49
829,ファミコン アーバン・チャンピオンの勝利したところ,ふぁみこんあーばんちゃんぴおんのしょうりしたところ,478,504,2019-11-25 05:05:51,2019-11-25 05:05:51,49
830,お試しか!の帰れま10,おためしかのかえれまてん,504,551,2019-11-25 05:05:51,2019-11-25 05:05:51,49
831,？？？,？？？,551,569,2019-11-25 05:05:51,2019-11-25 05:05:51,49
832,？？？,？？？,569,586,2019-11-25 05:05:51,2019-11-25 05:05:51,49
833,誇張しすぎたザキヤマ,こちょうしすぎたざきやま,586,604,2019-11-25 05:05:51,2019-11-25 05:05:51,49